Date,Population_Data,Regression_Data,LSTM_Data,S_Data
1900-01-01,3851.0,,,
1900-02-01,3941.0,,,
1900-03-01,3811.0,,,
1900-04-01,3854.0,,,
1900-05-01,3840.0,,,
1900-06-01,3874.0,,,
1900-07-01,3723.0,,,
1900-08-01,3999.0,,,
1900-09-01,3859.0,,,
1900-10-01,3918.0,,,
1900-11-01,4000.0,,,
1900-12-01,3864.0,,,
1901-01-01,3854.0,,,
1901-02-01,3772.0,,,
1901-03-01,3825.0,,,
1901-04-01,3813.0,,,
1901-05-01,3815.0,,,
1901-06-01,3860.0,,,
1901-07-01,3780.0,,,
1901-08-01,3730.0,,,
1901-09-01,3749.0,,,
1901-10-01,3864.0,,,
1901-11-01,3802.0,,,
1901-12-01,3969.0,,,
1902-01-01,3800.0,,,
1902-02-01,3833.0,,,
1902-03-01,4034.0,,,
1902-04-01,3875.0,,,
1902-05-01,3807.0,,,
1902-06-01,3842.0,,,
1902-07-01,3957.0,,,
1902-08-01,3913.0,,,
1902-09-01,3761.0,,,
1902-10-01,3796.0,,,
1902-11-01,3783.0,,,
1902-12-01,3949.0,,,
1903-01-01,3869.0,,,
1903-02-01,3937.0,,,
1903-03-01,3834.0,,,
1903-04-01,3724.0,,,
1903-05-01,3731.0,,,
1903-06-01,3767.0,,,
1903-07-01,3803.0,,,
1903-08-01,3981.0,,,
1903-09-01,3745.0,,,
1903-10-01,3977.0,,,
1903-11-01,3939.0,,,
1903-12-01,3777.0,,,
1904-01-01,3971.0,,,
1904-02-01,3916.0,,,
1904-03-01,3809.0,,,
1904-04-01,3825.0,,,
1904-05-01,3927.0,,,
1904-06-01,3929.0,,,
1904-07-01,3782.0,,,
1904-08-01,3909.0,,,
1904-09-01,3833.0,,,
1904-10-01,3864.0,,,
1904-11-01,3831.0,,,
1904-12-01,3918.0,,,
1905-01-01,3817.0,,,
1905-02-01,3732.0,,,
1905-03-01,3901.0,,,
1905-04-01,3832.0,,,
1905-05-01,3894.0,,,
1905-06-01,3784.0,,,
1905-07-01,3861.0,,,
1905-08-01,3896.0,,,
1905-09-01,3875.0,,,
1905-10-01,3907.0,,,
1905-11-01,3898.0,,,
1905-12-01,3912.0,,,
1906-01-01,3890.0,,,
1906-02-01,3859.0,,,
1906-03-01,3796.0,,,
1906-04-01,3987.0,,,
1906-05-01,3921.0,,,
1906-06-01,3915.0,,,
1906-07-01,3762.0,,,
1906-08-01,3843.0,,,
1906-09-01,3761.0,,,
1906-10-01,3898.0,,,
1906-11-01,3963.0,,,
1906-12-01,3777.0,,,
1907-01-01,3769.0,,,
1907-02-01,3873.0,,,
1907-03-01,3816.0,,,
1907-04-01,3805.0,,,
1907-05-01,3791.0,,,
1907-06-01,3824.0,,,
1907-07-01,3878.0,,,
1907-08-01,3923.0,,,
1907-09-01,3878.0,,,
1907-10-01,3875.0,,,
1907-11-01,3917.0,,,
1907-12-01,3926.0,,,
1908-01-01,3789.0,,,
1908-02-01,3845.0,,,
1908-03-01,3880.0,,,
1908-04-01,3868.0,,,
1908-05-01,3899.0,,,
1908-06-01,3835.0,,,
1908-07-01,3844.0,,,
1908-08-01,3935.0,,,
1908-09-01,3811.0,,,
1908-10-01,3750.0,,,
1908-11-01,3804.0,,,
1908-12-01,3859.0,,,
1909-01-01,3811.0,,,
1909-02-01,3744.0,,,
1909-03-01,3711.0,,,
1909-04-01,3811.0,,,
1909-05-01,3726.0,,,
1909-06-01,3890.0,,,
1909-07-01,3836.0,,,
1909-08-01,3931.0,,,
1909-09-01,3836.0,,,
1909-10-01,3987.0,,,
1909-11-01,3919.0,,,
1909-12-01,3920.0,,,
1910-01-01,3823.0,,,
1910-02-01,3753.0,,,
1910-03-01,3838.0,,,
1910-04-01,3801.0,,,
1910-05-01,3887.0,,,
1910-06-01,3893.0,,,
1910-07-01,3763.0,,,
1910-08-01,3717.0,,,
1910-09-01,3870.0,,,
1910-10-01,3843.0,,,
1910-11-01,3825.0,,,
1910-12-01,3898.0,,,
1911-01-01,3850.0,,,
1911-02-01,3844.0,,,
1911-03-01,3929.0,,,
1911-04-01,3938.0,,,
1911-05-01,3846.0,,,
1911-06-01,3782.0,,,
1911-07-01,3887.0,,,
1911-08-01,3865.0,,,
1911-09-01,3797.0,,,
1911-10-01,3850.0,,,
1911-11-01,3849.0,,,
1911-12-01,3837.0,,,
1912-01-01,3855.0,,,
1912-02-01,3776.0,,,
1912-03-01,3762.0,,,
1912-04-01,3897.0,,,
1912-05-01,3825.0,,,
1912-06-01,3788.0,,,
1912-07-01,3915.0,,,
1912-08-01,3711.0,,,
1912-09-01,3753.0,,,
1912-10-01,3909.0,,,
1912-11-01,3810.0,,,
1912-12-01,4023.0,,,
1913-01-01,3853.0,,,
1913-02-01,3886.0,,,
1913-03-01,3771.0,,,
1913-04-01,3639.0,,,
1913-05-01,3950.0,,,
1913-06-01,3842.0,,,
1913-07-01,3755.0,,,
1913-08-01,4024.0,,,
1913-09-01,3811.0,,,
1913-10-01,3950.0,,,
1913-11-01,3854.0,,,
1913-12-01,3871.0,,,
1914-01-01,3833.0,,,
1914-02-01,3708.0,,,
1914-03-01,3981.0,,,
1914-04-01,3762.0,,,
1914-05-01,3935.0,,,
1914-06-01,3767.0,,,
1914-07-01,3928.0,,,
1914-08-01,3724.0,,,
1914-09-01,3783.0,,,
1914-10-01,3834.0,,,
1914-11-01,4114.0,,,
1914-12-01,3678.0,,,
1915-01-01,3847.0,,,
1915-02-01,3943.0,,,
1915-03-01,3793.0,,,
1915-04-01,4008.0,,,
1915-05-01,3872.0,,,
1915-06-01,3858.0,,,
1915-07-01,3871.0,,,
1915-08-01,3869.0,,,
1915-09-01,3884.0,,,
1915-10-01,3970.0,,,
1915-11-01,3844.0,,,
1915-12-01,3906.0,,,
1916-01-01,3862.0,,,
1916-02-01,3727.0,,,
1916-03-01,3820.0,,,
1916-04-01,3797.0,,,
1916-05-01,3913.0,,,
1916-06-01,3788.0,,,
1916-07-01,3797.0,,,
1916-08-01,3898.0,,,
1916-09-01,3792.0,,,
1916-10-01,3819.0,,,
1916-11-01,3899.0,,,
1916-12-01,3802.0,,,
1917-01-01,3794.0,,,
1917-02-01,3781.0,,,
1917-03-01,3839.0,,,
1917-04-01,3695.0,,,
1917-05-01,3818.0,,,
1917-06-01,3969.0,,,
1917-07-01,3967.0,,,
1917-08-01,4043.0,,,
1917-09-01,3802.0,,,
1917-10-01,3928.0,,,
1917-11-01,3674.0,,,
1917-12-01,3899.0,,,
1918-01-01,3852.0,,,
1918-02-01,3817.0,,,
1918-03-01,3896.0,,,
1918-04-01,3842.0,,,
1918-05-01,3788.0,,,
1918-06-01,3904.0,,,
1918-07-01,3873.0,,,
1918-08-01,3955.0,,,
1918-09-01,3909.0,,,
1918-10-01,3924.0,,,
1918-11-01,3983.0,,,
1918-12-01,3895.0,,,
1919-01-01,3894.0,,,
1919-02-01,3804.0,,,
1919-03-01,3740.0,,,
1919-04-01,3913.0,,,
1919-05-01,3858.0,,,
1919-06-01,3640.0,,,
1919-07-01,3805.0,,,
1919-08-01,3805.0,,,
1919-09-01,3891.0,,,
1919-10-01,3852.0,,,
1919-11-01,3775.0,,,
1919-12-01,3917.0,,,
1920-01-01,3954.0,,,
1920-02-01,3755.0,,,
1920-03-01,3883.0,,,
1920-04-01,4038.0,,,
1920-05-01,3727.0,,,
1920-06-01,3871.0,,,
1920-07-01,3825.0,,,
1920-08-01,3833.0,,,
1920-09-01,3684.0,,,
1920-10-01,3942.0,,,
1920-11-01,3871.0,,,
1920-12-01,3917.0,,,
1921-01-01,3915.0,,,
1921-02-01,3883.0,,,
1921-03-01,3896.0,,,
1921-04-01,3738.0,,,
1921-05-01,3814.0,,,
1921-06-01,3750.0,,,
1921-07-01,3998.0,,,
1921-08-01,3963.0,,,
1921-09-01,3853.0,,,
1921-10-01,3913.0,,,
1921-11-01,3817.0,,,
1921-12-01,3840.0,,,
1922-01-01,3791.0,,,
1922-02-01,3811.0,,,
1922-03-01,3775.0,,,
1922-04-01,4003.0,,,
1922-05-01,3993.0,,,
1922-06-01,3805.0,,,
1922-07-01,3725.0,,,
1922-08-01,3856.0,,,
1922-09-01,3815.0,,,
1922-10-01,3789.0,,,
1922-11-01,3953.0,,,
1922-12-01,3868.0,,,
1923-01-01,3903.0,,,
1923-02-01,3755.0,,,
1923-03-01,3872.0,,,
1923-04-01,3827.0,,,
1923-05-01,3881.0,,,
1923-06-01,3841.0,,,
1923-07-01,3736.0,,,
1923-08-01,3818.0,,,
1923-09-01,3801.0,,,
1923-10-01,3830.0,,,
1923-11-01,3861.0,,,
1923-12-01,3839.0,,,
1924-01-01,3834.0,,,
1924-02-01,3835.0,,,
1924-03-01,3865.0,,,
1924-04-01,3804.0,,,
1924-05-01,3801.0,,,
1924-06-01,3829.0,,,
1924-07-01,3780.0,,,
1924-08-01,3890.0,,,
1924-09-01,3920.0,,,
1924-10-01,3845.0,,,
1924-11-01,3803.0,,,
1924-12-01,3629.0,,,
1925-01-01,3852.0,,,
1925-02-01,3836.0,,,
1925-03-01,3801.0,,,
1925-04-01,3756.0,,,
1925-05-01,3836.0,,,
1925-06-01,3876.0,,,
1925-07-01,3774.0,,,
1925-08-01,3839.0,,,
1925-09-01,3756.0,,,
1925-10-01,3781.0,,,
1925-11-01,3771.0,,,
1925-12-01,3891.0,,,
1926-01-01,3861.0,,,
1926-02-01,3898.0,,,
1926-03-01,3819.0,,,
1926-04-01,3929.0,,,
1926-05-01,3796.0,,,
1926-06-01,3901.0,,,
1926-07-01,3832.0,,,
1926-08-01,3970.0,,,
1926-09-01,3983.0,,,
1926-10-01,3978.0,,,
1926-11-01,3950.0,,,
1926-12-01,3843.0,,,
1927-01-01,3818.0,,,
1927-02-01,3978.0,,,
1927-03-01,3883.0,,,
1927-04-01,3843.0,,,
1927-05-01,3858.0,,,
1927-06-01,3774.0,,,
1927-07-01,3816.0,,,
1927-08-01,3849.0,,,
1927-09-01,3790.0,,,
1927-10-01,3957.0,,,
1927-11-01,3765.0,,,
1927-12-01,3760.0,,,
1928-01-01,4003.0,,,
1928-02-01,3830.0,,,
1928-03-01,3810.0,,,
1928-04-01,3915.0,,,
1928-05-01,3850.0,,,
1928-06-01,3852.0,,,
1928-07-01,3881.0,,,
1928-08-01,3793.0,,,
1928-09-01,3857.0,,,
1928-10-01,3787.0,,,
1928-11-01,3791.0,,,
1928-12-01,3953.0,,,
1929-01-01,3923.0,,,
1929-02-01,3877.0,,,
1929-03-01,3912.0,,,
1929-04-01,3787.0,,,
1929-05-01,3728.0,,,
1929-06-01,3816.0,,,
1929-07-01,4003.0,,,
1929-08-01,3961.0,,,
1929-09-01,4101.0,,,
1929-10-01,3927.0,,,
1929-11-01,3810.0,,,
1929-12-01,3821.0,,,
1930-01-01,3824.0,,,
1930-02-01,3808.0,,,
1930-03-01,3886.0,,,
1930-04-01,3872.0,,,
1930-05-01,3936.0,,,
1930-06-01,3874.0,,,
1930-07-01,3910.0,,,
1930-08-01,3806.0,,,
1930-09-01,3800.0,,,
1930-10-01,3799.0,,,
1930-11-01,3742.0,,,
1930-12-01,3966.0,,,
1931-01-01,3883.0,,,
1931-02-01,3800.0,,,
1931-03-01,3879.0,,,
1931-04-01,3787.0,,,
1931-05-01,3961.0,,,
1931-06-01,3850.0,,,
1931-07-01,3868.0,,,
1931-08-01,3978.0,,,
1931-09-01,3795.0,,,
1931-10-01,3812.0,,,
1931-11-01,3879.0,,,
1931-12-01,3941.0,,,
1932-01-01,3700.0,,,
1932-02-01,3828.0,,,
1932-03-01,3789.0,,,
1932-04-01,3684.0,,,
1932-05-01,3919.0,,,
1932-06-01,3856.0,,,
1932-07-01,3959.0,,,
1932-08-01,3899.0,,,
1932-09-01,3804.0,,,
1932-10-01,3675.0,,,
1932-11-01,3968.0,,,
1932-12-01,3847.0,,,
1933-01-01,3978.0,,,
1933-02-01,3811.0,,,
1933-03-01,3855.0,,,
1933-04-01,3888.0,,,
1933-05-01,3895.0,,,
1933-06-01,3784.0,,,
1933-07-01,3883.0,,,
1933-08-01,3776.0,,,
1933-09-01,3869.0,,,
1933-10-01,4022.0,,,
1933-11-01,3714.0,,,
1933-12-01,3942.0,,,
1934-01-01,3987.0,,,
1934-02-01,3853.0,,,
1934-03-01,3762.0,,,
1934-04-01,3733.0,,,
1934-05-01,3833.0,,,
1934-06-01,3898.0,,,
1934-07-01,3772.0,,,
1934-08-01,3791.0,,,
1934-09-01,3720.0,,,
1934-10-01,3988.0,,,
1934-11-01,3968.0,,,
1934-12-01,3765.0,,,
1935-01-01,3764.0,,,
1935-02-01,3743.0,,,
1935-03-01,3787.0,,,
1935-04-01,3837.0,,,
1935-05-01,3899.0,,,
1935-06-01,3936.0,,,
1935-07-01,3699.0,,,
1935-08-01,3909.0,,,
1935-09-01,3732.0,,,
1935-10-01,3772.0,,,
1935-11-01,3958.0,,,
1935-12-01,3750.0,,,
1936-01-01,3861.0,,,
1936-02-01,3792.0,,,
1936-03-01,3703.0,,,
1936-04-01,3925.0,,,
1936-05-01,3847.0,,,
1936-06-01,3939.0,,,
1936-07-01,3784.0,,,
1936-08-01,3954.0,,,
1936-09-01,3851.0,,,
1936-10-01,3809.0,,,
1936-11-01,3859.0,,,
1936-12-01,3815.0,,,
1937-01-01,3789.0,,,
1937-02-01,3999.0,,,
1937-03-01,3815.0,,,
1937-04-01,3897.0,,,
1937-05-01,3796.0,,,
1937-06-01,3879.0,,,
1937-07-01,3846.0,,,
1937-08-01,3909.0,,,
1937-09-01,3781.0,,,
1937-10-01,3866.0,,,
1937-11-01,3917.0,,,
1937-12-01,3874.0,,,
1938-01-01,3930.0,,,
1938-02-01,3856.0,,,
1938-03-01,3887.0,,,
1938-04-01,3960.0,,,
1938-05-01,3842.0,,,
1938-06-01,4018.0,,,
1938-07-01,3883.0,,,
1938-08-01,3943.0,,,
1938-09-01,3908.0,,,
1938-10-01,3875.0,,,
1938-11-01,3865.0,,,
1938-12-01,3914.0,,,
1939-01-01,3816.0,,,
1939-02-01,3890.0,,,
1939-03-01,3837.0,,,
1939-04-01,3927.0,,,
1939-05-01,3911.0,,,
1939-06-01,3892.0,,,
1939-07-01,3836.0,,,
1939-08-01,4004.0,,,
1939-09-01,3894.0,,,
1939-10-01,3735.0,,,
1939-11-01,3809.0,,,
1939-12-01,3774.0,,,
1940-01-01,3883.0,,,
1940-02-01,3835.0,,,
1940-03-01,3843.0,,,
1940-04-01,3888.0,,,
1940-05-01,3875.0,,,
1940-06-01,3807.0,,,
1940-07-01,3827.0,,,
1940-08-01,3721.0,,,
1940-09-01,3891.0,,,
1940-10-01,3897.0,,,
1940-11-01,3998.0,,,
1940-12-01,3788.0,,,
1941-01-01,3794.0,,,
1941-02-01,3969.0,,,
1941-03-01,3882.0,,,
1941-04-01,3807.0,,,
1941-05-01,4108.0,,,
1941-06-01,3842.0,,,
1941-07-01,3878.0,,,
1941-08-01,3901.0,,,
1941-09-01,3979.0,,,
1941-10-01,3844.0,,,
1941-11-01,3763.0,,,
1941-12-01,3946.0,,,
1942-01-01,3909.0,,,
1942-02-01,3824.0,,,
1942-03-01,3906.0,,,
1942-04-01,3909.0,,,
1942-05-01,3881.0,,,
1942-06-01,3893.0,,,
1942-07-01,3829.0,,,
1942-08-01,3843.0,,,
1942-09-01,3826.0,,,
1942-10-01,3843.0,,,
1942-11-01,3762.0,,,
1942-12-01,3754.0,,,
1943-01-01,3900.0,,,
1943-02-01,3887.0,,,
1943-03-01,3846.0,,,
1943-04-01,3765.0,,,
1943-05-01,3841.0,,,
1943-06-01,3813.0,,,
1943-07-01,3861.0,,,
1943-08-01,3819.0,,,
1943-09-01,3886.0,,,
1943-10-01,3867.0,,,
1943-11-01,3804.0,,,
1943-12-01,3860.0,,,
1944-01-01,3920.0,,,
1944-02-01,3815.0,,,
1944-03-01,3748.0,,,
1944-04-01,3912.0,,,
1944-05-01,3926.0,,,
1944-06-01,3824.0,,,
1944-07-01,3872.0,,,
1944-08-01,3846.0,,,
1944-09-01,3865.0,,,
1944-10-01,3845.0,,,
1944-11-01,3747.0,,,
1944-12-01,3841.0,,,
1945-01-01,3781.0,,,
1945-02-01,3807.0,,,
1945-03-01,3885.0,,,
1945-04-01,3794.0,,,
1945-05-01,3952.0,,,
1945-06-01,3806.0,,,
1945-07-01,3670.0,,,
1945-08-01,3667.0,,,
1945-09-01,3794.0,,,
1945-10-01,3859.0,,,
1945-11-01,3652.0,,,
1945-12-01,3861.0,,,
1946-01-01,4022.0,,,
1946-02-01,3869.0,,,
1946-03-01,3868.0,,,
1946-04-01,3913.0,,,
1946-05-01,3816.0,,,
1946-06-01,3783.0,,,
1946-07-01,3900.0,,,
1946-08-01,3760.0,,,
1946-09-01,3932.0,,,
1946-10-01,3806.0,,,
1946-11-01,3874.0,,,
1946-12-01,3765.0,,,
1947-01-01,3736.0,,,
1947-02-01,3875.0,,,
1947-03-01,3960.0,,,
1947-04-01,4021.0,,,
1947-05-01,3975.0,,,
1947-06-01,3830.0,,,
1947-07-01,3881.0,,,
1947-08-01,3700.0,,,
1947-09-01,3972.0,,,
1947-10-01,3735.0,,,
1947-11-01,3874.0,,,
1947-12-01,3892.0,,,
1948-01-01,3873.0,,,
1948-02-01,3862.0,,,
1948-03-01,3946.0,,,
1948-04-01,3858.0,,,
1948-05-01,3913.0,,,
1948-06-01,3913.0,,,
1948-07-01,3645.0,,,
1948-08-01,3764.0,,,
1948-09-01,3884.0,,,
1948-10-01,3811.0,,,
1948-11-01,3900.0,,,
1948-12-01,3910.0,,,
1949-01-01,3715.0,,,
1949-02-01,3758.0,,,
1949-03-01,3890.0,,,
1949-04-01,3895.0,,,
1949-05-01,3855.0,,,
1949-06-01,3876.0,,,
1949-07-01,3710.0,,,
1949-08-01,3859.0,,,
1949-09-01,3911.0,,,
1949-10-01,3813.0,,,
1949-11-01,3839.0,,,
1949-12-01,3690.0,,,
1950-01-01,3719.0,,,
1950-02-01,3749.0,,,
1950-03-01,3996.0,,,
1950-04-01,3863.0,,,
1950-05-01,3884.0,,,
1950-06-01,3709.0,,,
1950-07-01,3810.0,,,
1950-08-01,3818.0,,,
1950-09-01,3802.0,,,
1950-10-01,3713.0,,,
1950-11-01,4015.0,,,
1950-12-01,3890.0,,,
1951-01-01,3840.0,,,
1951-02-01,3795.0,,,
1951-03-01,3862.0,,,
1951-04-01,3883.0,,,
1951-05-01,3744.0,,,
1951-06-01,3889.0,,,
1951-07-01,3796.0,,,
1951-08-01,3825.0,,,
1951-09-01,3938.0,,,
1951-10-01,3770.0,,,
1951-11-01,3912.0,,,
1951-12-01,3837.0,,,
1952-01-01,3844.0,,,
1952-02-01,3859.0,,,
1952-03-01,3754.0,,,
1952-04-01,3899.0,,,
1952-05-01,3846.0,,,
1952-06-01,3708.0,,,
1952-07-01,3850.0,,,
1952-08-01,3865.0,,,
1952-09-01,3835.0,,,
1952-10-01,3863.0,,,
1952-11-01,3911.0,,,
1952-12-01,3877.0,,,
1953-01-01,3719.0,,,
1953-02-01,3708.0,,,
1953-03-01,3847.0,,,
1953-04-01,3885.0,,,
1953-05-01,3768.0,,,
1953-06-01,3924.0,,,
1953-07-01,3972.0,,,
1953-08-01,3856.0,,,
1953-09-01,3903.0,,,
1953-10-01,3782.0,,,
1953-11-01,3890.0,,,
1953-12-01,3935.0,,,
1954-01-01,3935.0,,,
1954-02-01,3836.0,,,
1954-03-01,4026.0,,,
1954-04-01,3830.0,,,
1954-05-01,3979.0,,,
1954-06-01,3893.0,,,
1954-07-01,3773.0,,,
1954-08-01,3670.0,,,
1954-09-01,3872.0,,,
1954-10-01,3886.0,,,
1954-11-01,3825.0,,,
1954-12-01,3818.0,,,
1955-01-01,3691.0,,,
1955-02-01,3763.0,,,
1955-03-01,3830.0,,,
1955-04-01,3800.0,,,
1955-05-01,3762.0,,,
1955-06-01,3906.0,,,
1955-07-01,3972.0,,,
1955-08-01,3964.0,,,
1955-09-01,4046.0,,,
1955-10-01,3869.0,,,
1955-11-01,3915.0,,,
1955-12-01,3765.0,,,
1956-01-01,3876.0,,,
1956-02-01,3736.0,,,
1956-03-01,3853.0,,,
1956-04-01,3837.0,,,
1956-05-01,3823.0,,,
1956-06-01,3905.0,,,
1956-07-01,3825.0,,,
1956-08-01,4009.0,,,
1956-09-01,3970.0,,,
1956-10-01,3778.0,,,
1956-11-01,3783.0,,,
1956-12-01,4036.0,,,
1957-01-01,3888.0,,,
1957-02-01,3920.0,,,
1957-03-01,3835.0,,,
1957-04-01,3990.0,,,
1957-05-01,3897.0,,,
1957-06-01,4036.0,,,
1957-07-01,3774.0,,,
1957-08-01,3943.0,,,
1957-09-01,3899.0,,,
1957-10-01,3809.0,,,
1957-11-01,3877.0,,,
1957-12-01,3853.0,,,
1958-01-01,3943.0,,,
1958-02-01,3852.0,,,
1958-03-01,3772.0,,,
1958-04-01,3875.0,,,
1958-05-01,3835.0,,,
1958-06-01,3942.0,,,
1958-07-01,3858.0,,,
1958-08-01,3966.0,,,
1958-09-01,3871.0,,,
1958-10-01,3884.0,,,
1958-11-01,3846.0,,,
1958-12-01,3863.0,,,
1959-01-01,3902.0,,,
1959-02-01,4043.0,,,
1959-03-01,3975.0,,,
1959-04-01,3996.0,,,
1959-05-01,4000.0,,,
1959-06-01,3804.0,,,
1959-07-01,3996.0,,,
1959-08-01,3987.0,,,
1959-09-01,3863.0,,,
1959-10-01,3826.0,,,
1959-11-01,3876.0,,,
1959-12-01,3873.0,,,
1960-01-01,3738.0,,,
1960-02-01,3973.0,,,
1960-03-01,3742.0,,,
1960-04-01,3939.0,,,
1960-05-01,3777.0,,,
1960-06-01,3830.0,,,
1960-07-01,3744.0,,,
1960-08-01,3794.0,,,
1960-09-01,3784.0,,,
1960-10-01,3858.0,,,
1960-11-01,3790.0,,,
1960-12-01,3905.0,,,
1961-01-01,3853.0,,,
1961-02-01,3809.0,,,
1961-03-01,3909.0,,,
1961-04-01,3930.0,,,
1961-05-01,3873.0,,,
1961-06-01,3862.0,,,
1961-07-01,3956.0,,,
1961-08-01,3858.0,,,
1961-09-01,3878.0,,,
1961-10-01,3728.0,,,
1961-11-01,3780.0,,,
1961-12-01,3778.0,,,
1962-01-01,4025.0,,,
1962-02-01,3885.0,,,
1962-03-01,3891.0,,,
1962-04-01,3823.0,,,
1962-05-01,3814.0,,,
1962-06-01,3944.0,,,
1962-07-01,3844.0,,,
1962-08-01,3866.0,,,
1962-09-01,3943.0,,,
1962-10-01,3858.0,,,
1962-11-01,3807.0,,,
1962-12-01,3863.0,,,
1963-01-01,3881.0,,,
1963-02-01,3838.0,,,
1963-03-01,3827.0,,,
1963-04-01,3846.0,,,
1963-05-01,3769.0,,,
1963-06-01,3837.0,,,
1963-07-01,3856.0,,,
1963-08-01,4011.0,,,
1963-09-01,3794.0,,,
1963-10-01,4035.0,,,
1963-11-01,3816.0,,,
1963-12-01,3865.0,,,
1964-01-01,3921.0,,,
1964-02-01,3750.0,,,
1964-03-01,3866.0,,,
1964-04-01,3838.0,,,
1964-05-01,3973.0,,,
1964-06-01,3680.0,,,
1964-07-01,4069.0,,,
1964-08-01,3868.0,,,
1964-09-01,3856.0,,,
1964-10-01,3883.0,,,
1964-11-01,3885.0,,,
1964-12-01,3933.0,,,
1965-01-01,3913.0,,,
1965-02-01,3865.0,,,
1965-03-01,3733.0,,,
1965-04-01,3799.0,,,
1965-05-01,3931.0,,,
1965-06-01,3806.0,,,
1965-07-01,3746.0,,,
1965-08-01,3832.0,,,
1965-09-01,3808.0,,,
1965-10-01,3845.0,,,
1965-11-01,3924.0,,,
1965-12-01,3880.0,,,
1966-01-01,3893.0,,,
1966-02-01,3840.0,,,
1966-03-01,3798.0,,,
1966-04-01,3814.0,,,
1966-05-01,3903.0,,,
1966-06-01,3921.0,,,
1966-07-01,3841.0,,,
1966-08-01,3844.0,,,
1966-09-01,3918.0,,,
1966-10-01,3849.0,,,
1966-11-01,3995.0,,,
1966-12-01,3964.0,,,
1967-01-01,3880.0,,,
1967-02-01,3840.0,,,
1967-03-01,3993.0,,,
1967-04-01,3975.0,,,
1967-05-01,4017.0,,,
1967-06-01,3961.0,,,
1967-07-01,3903.0,,,
1967-08-01,3913.0,,,
1967-09-01,3781.0,,,
1967-10-01,4010.0,,,
1967-11-01,3881.0,,,
1967-12-01,3831.0,,,
1968-01-01,3730.0,,,
1968-02-01,3875.0,,,
1968-03-01,3915.0,,,
1968-04-01,3830.0,,,
1968-05-01,3742.0,,,
1968-06-01,3816.0,,,
1968-07-01,3953.0,,,
1968-08-01,3862.0,,,
1968-09-01,3978.0,,,
1968-10-01,3876.0,,,
1968-11-01,3696.0,,,
1968-12-01,3971.0,,,
1969-01-01,3948.0,,,
1969-02-01,3895.0,,,
1969-03-01,3859.0,,,
1969-04-01,3869.0,,,
1969-05-01,3892.0,,,
1969-06-01,3902.0,,,
1969-07-01,3957.0,,,
1969-08-01,3811.0,,,
1969-09-01,3883.0,,,
1969-10-01,3860.0,,,
1969-11-01,3982.0,,,
1969-12-01,3911.0,,,
1970-01-01,4002.0,,,
1970-02-01,3870.0,,,
1970-03-01,3899.0,,,
1970-04-01,3950.0,,,
1970-05-01,4005.0,,,
1970-06-01,3884.0,,,
1970-07-01,3765.0,,,
1970-08-01,3849.0,,,
1970-09-01,4070.0,,,
1970-10-01,3918.0,,,
1970-11-01,3944.0,,,
1970-12-01,3943.0,,,
1971-01-01,3902.0,,,
1971-02-01,3692.0,,,
1971-03-01,3924.0,,,
1971-04-01,3828.0,,,
1971-05-01,3699.0,,,
1971-06-01,3825.0,,,
1971-07-01,4076.0,,,
1971-08-01,3907.0,,,
1971-09-01,3763.0,,,
1971-10-01,3862.0,,,
1971-11-01,3957.0,,,
1971-12-01,3812.0,,,
1972-01-01,3812.0,,,
1972-02-01,3799.0,,,
1972-03-01,3913.0,,,
1972-04-01,3987.0,,,
1972-05-01,3914.0,,,
1972-06-01,3902.0,,,
1972-07-01,3911.0,,,
1972-08-01,3917.0,,,
1972-09-01,3889.0,,,
1972-10-01,3850.0,,,
1972-11-01,3826.0,,,
1972-12-01,3935.0,,,
1973-01-01,3875.0,,,
1973-02-01,4022.0,,,
1973-03-01,3834.0,,,
1973-04-01,3939.0,,,
1973-05-01,3820.0,,,
1973-06-01,3854.0,,,
1973-07-01,3867.0,,,
1973-08-01,4053.0,,,
1973-09-01,3730.0,,,
1973-10-01,3933.0,,,
1973-11-01,3793.0,,,
1973-12-01,3793.0,,,
1974-01-01,3895.0,,,
1974-02-01,3911.0,,,
1974-03-01,3818.0,,,
1974-04-01,3752.0,,,
1974-05-01,3814.0,,,
1974-06-01,3929.0,,,
1974-07-01,3855.0,,,
1974-08-01,3829.0,,,
1974-09-01,3700.0,,,
1974-10-01,3946.0,,,
1974-11-01,3886.0,,,
1974-12-01,4020.0,,,
1975-01-01,3813.0,,,
1975-02-01,3774.0,,,
1975-03-01,3932.0,,,
1975-04-01,3931.0,,,
1975-05-01,3949.0,,,
1975-06-01,3843.0,,,
1975-07-01,3820.0,,,
1975-08-01,3882.0,,,
1975-09-01,3669.0,,,
1975-10-01,3875.0,,,
1975-11-01,3935.0,,,
1975-12-01,3777.0,,,
1976-01-01,3933.0,,,
1976-02-01,3847.0,,,
1976-03-01,3949.0,,,
1976-04-01,3803.0,,,
1976-05-01,3793.0,,,
1976-06-01,3870.0,,,
1976-07-01,4037.0,,,
1976-08-01,3913.0,,,
1976-09-01,4013.0,,,
1976-10-01,3831.0,,,
1976-11-01,3804.0,,,
1976-12-01,3877.0,,,
1977-01-01,3911.0,,,
1977-02-01,4049.0,,,
1977-03-01,3934.0,,,
1977-04-01,3934.0,,,
1977-05-01,3880.0,,,
1977-06-01,3896.0,,,
1977-07-01,3853.0,,,
1977-08-01,3893.0,,,
1977-09-01,3900.0,,,
1977-10-01,3835.0,,,
1977-11-01,3960.0,,,
1977-12-01,3733.0,,,
1978-01-01,3873.0,,,
1978-02-01,3850.0,,,
1978-03-01,3867.0,,,
1978-04-01,3939.0,,,
1978-05-01,3978.0,,,
1978-06-01,3862.0,,,
1978-07-01,3936.0,,,
1978-08-01,3857.0,,,
1978-09-01,3919.0,,,
1978-10-01,3994.0,,,
1978-11-01,3869.0,,,
1978-12-01,3897.0,,,
1979-01-01,3897.0,,,
1979-02-01,3879.0,,,
1979-03-01,3958.0,,,
1979-04-01,4015.0,,,
1979-05-01,3901.0,,,
1979-06-01,3917.0,,,
1979-07-01,3810.0,,,
1979-08-01,3684.0,,,
1979-09-01,3954.0,,,
1979-10-01,4004.0,,,
1979-11-01,3833.0,,,
1979-12-01,3869.0,,,
1980-01-01,3884.0,,,
1980-02-01,3910.0,,,
1980-03-01,3795.0,,,
1980-04-01,3848.0,,,
1980-05-01,3872.0,,,
1980-06-01,3816.0,,,
1980-07-01,3951.0,,,
1980-08-01,3942.0,,,
1980-09-01,4050.0,,,
1980-10-01,3703.0,,,
1980-11-01,3805.0,,,
1980-12-01,3809.0,,,
1981-01-01,3935.0,,,
1981-02-01,3996.0,,,
1981-03-01,3995.0,,,
1981-04-01,3859.0,,,
1981-05-01,3855.0,,,
1981-06-01,3814.0,,,
1981-07-01,3976.0,,,
1981-08-01,3904.0,,,
1981-09-01,3923.0,,,
1981-10-01,3955.0,,,
1981-11-01,3932.0,,,
1981-12-01,3907.0,,,
1982-01-01,3758.0,,,
1982-02-01,3912.0,,,
1982-03-01,4020.0,,,
1982-04-01,3985.0,,,
1982-05-01,3844.0,,,
1982-06-01,3985.0,,,
1982-07-01,3954.0,,,
1982-08-01,3802.0,,,
1982-09-01,3901.0,,,
1982-10-01,3899.0,,,
1982-11-01,3884.0,,,
1982-12-01,3912.0,,,
1983-01-01,3948.0,,,
1983-02-01,3873.0,,,
1983-03-01,4018.0,,,
1983-04-01,3896.0,,,
1983-05-01,3816.0,,,
1983-06-01,4047.0,,,
1983-07-01,3960.0,,,
1983-08-01,3939.0,,,
1983-09-01,3940.0,,,
1983-10-01,3806.0,,,
1983-11-01,3883.0,,,
1983-12-01,3891.0,,,
1984-01-01,3822.0,,,
1984-02-01,3752.0,,,
1984-03-01,3903.0,,,
1984-04-01,3839.0,,,
1984-05-01,3926.0,,,
1984-06-01,3910.0,,,
1984-07-01,3955.0,,,
1984-08-01,3958.0,,,
1984-09-01,3861.0,,,
1984-10-01,3898.0,,,
1984-11-01,3893.0,,,
1984-12-01,3825.0,,,
1985-01-01,3937.0,,,
1985-02-01,3858.0,,,
1985-03-01,3922.0,,,
1985-04-01,4081.0,,,
1985-05-01,3927.0,,,
1985-06-01,3878.0,,,
1985-07-01,3928.0,,,
1985-08-01,3918.0,,,
1985-09-01,3878.0,,,
1985-10-01,3989.0,,,
1985-11-01,3952.0,,,
1985-12-01,3934.0,,,
1986-01-01,3986.0,,,
1986-02-01,3841.0,,,
1986-03-01,3886.0,,,
1986-04-01,3930.0,,,
1986-05-01,3654.0,,,
1986-06-01,3978.0,,,
1986-07-01,3821.0,,,
1986-08-01,3893.0,,,
1986-09-01,3901.0,,,
1986-10-01,4000.0,,,
1986-11-01,4013.0,,,
1986-12-01,3903.0,,,
1987-01-01,3943.0,,,
1987-02-01,3931.0,,,
1987-03-01,3813.0,,,
1987-04-01,3883.0,,,
1987-05-01,3875.0,,,
1987-06-01,3973.0,,,
1987-07-01,3924.0,,,
1987-08-01,3838.0,,,
1987-09-01,3877.0,,,
1987-10-01,3966.0,,,
1987-11-01,3827.0,,,
1987-12-01,3950.0,,,
1988-01-01,3972.0,,,
1988-02-01,3868.0,,,
1988-03-01,3940.0,,,
1988-04-01,3768.0,,,
1988-05-01,3911.0,,,
1988-06-01,3934.0,,,
1988-07-01,3939.0,,,
1988-08-01,3811.0,,,
1988-09-01,3814.0,,,
1988-10-01,3786.0,,,
1988-11-01,3836.0,,,
1988-12-01,3730.0,,,
1989-01-01,3955.0,,,
1989-02-01,3889.0,,,
1989-03-01,3932.0,,,
1989-04-01,3877.0,,,
1989-05-01,3885.0,,,
1989-06-01,4003.0,,,
1989-07-01,4047.0,,,
1989-08-01,3813.0,,,
1989-09-01,3852.0,,,
1989-10-01,3921.0,,,
1989-11-01,3951.0,,,
1989-12-01,3958.0,,,
1990-01-01,3962.0,,,
1990-02-01,3839.0,,,
1990-03-01,3995.0,,,
1990-04-01,3865.0,,,
1990-05-01,3926.0,,,
1990-06-01,3978.0,,,
1990-07-01,3893.0,,,
1990-08-01,3962.0,,,
1990-09-01,3984.0,,,
1990-10-01,3871.0,,,
1990-11-01,4098.0,,,
1990-12-01,4095.0,,,
1991-01-01,3801.0,,,
1991-02-01,3878.0,,,
1991-03-01,3876.0,,,
1991-04-01,3840.0,,,
1991-05-01,3953.0,,,
1991-06-01,3863.0,,,
1991-07-01,4059.0,,,
1991-08-01,3988.0,,,
1991-09-01,3982.0,,,
1991-10-01,3999.0,,,
1991-11-01,3881.0,,,
1991-12-01,3992.0,,,
1992-01-01,3973.0,,,
1992-02-01,3944.0,,,
1992-03-01,3875.0,,,
1992-04-01,3931.0,,,
1992-05-01,3970.0,,,
1992-06-01,3964.0,,,
1992-07-01,3862.0,,,
1992-08-01,3905.0,,,
1992-09-01,3975.0,,,
1992-10-01,3919.0,,,
1992-11-01,3805.0,,,
1992-12-01,3966.0,,,
1993-01-01,3890.0,,,
1993-02-01,4077.0,,,
1993-03-01,4042.0,,,
1993-04-01,4023.0,,,
1993-05-01,3873.0,,,
1993-06-01,3988.0,,,
1993-07-01,3852.0,,,
1993-08-01,3898.0,,,
1993-09-01,3996.0,,,
1993-10-01,3826.0,,,
1993-11-01,3836.0,,,
1993-12-01,4006.0,,,
1994-01-01,3963.0,,,
1994-02-01,4036.0,,,
1994-03-01,3984.0,,,
1994-04-01,3902.0,,,
1994-05-01,3898.0,,,
1994-06-01,3865.0,,,
1994-07-01,3844.0,,,
1994-08-01,3983.0,,,
1994-09-01,3899.0,,,
1994-10-01,3880.0,,,
1994-11-01,3944.0,,,
1994-12-01,3915.0,,,
1995-01-01,3921.0,,,
1995-02-01,3964.0,,,
1995-03-01,3675.0,,,
1995-04-01,3802.0,,,
1995-05-01,3877.0,,,
1995-06-01,3911.0,,,
1995-07-01,3835.0,,,
1995-08-01,3986.0,,,
1995-09-01,3912.0,,,
1995-10-01,3814.0,,,
1995-11-01,3958.0,,,
1995-12-01,3800.0,,,
1996-01-01,3856.0,,,
1996-02-01,4018.0,,,
1996-03-01,3993.0,,,
1996-04-01,3921.0,,,
1996-05-01,3882.0,,,
1996-06-01,3807.0,,,
1996-07-01,3906.0,,,
1996-08-01,3895.0,,,
1996-09-01,3988.0,,,
1996-10-01,3995.0,,,
1996-11-01,3871.0,,,
1996-12-01,3995.0,,,
1997-01-01,3862.0,,,
1997-02-01,3845.0,,,
1997-03-01,3950.0,,,
1997-04-01,3897.0,,,
1997-05-01,3870.0,,,
1997-06-01,3963.0,,,
1997-07-01,3891.0,,,
1997-08-01,4057.0,,,
1997-09-01,3873.0,,,
1997-10-01,3948.0,,,
1997-11-01,3959.0,,,
1997-12-01,3919.0,,,
1998-01-01,3821.0,,,
1998-02-01,3881.0,,,
1998-03-01,3836.0,,,
1998-04-01,3726.0,,,
1998-05-01,3892.0,,,
1998-06-01,3797.0,,,
1998-07-01,3931.0,,,
1998-08-01,3933.0,,,
1998-09-01,3874.0,,,
1998-10-01,3826.0,,,
1998-11-01,3953.0,,,
1998-12-01,3917.0,,,
1999-01-01,4038.0,,,
1999-02-01,3838.0,,,
1999-03-01,4033.0,,,
1999-04-01,4074.0,,,
1999-05-01,3889.0,,,
1999-06-01,3933.0,,,
1999-07-01,3837.0,,,
1999-08-01,3976.0,,,
1999-09-01,3769.0,,,
1999-10-01,3927.0,,,
1999-11-01,3857.0,,,
1999-12-01,3789.0,,,
2000-01-01,3998.0,,,
2000-02-01,3943.0,,,
2000-03-01,3948.0,,,
2000-04-01,4025.0,,,
2000-05-01,3913.0,,,
2000-06-01,3829.0,,,
2000-07-01,3943.0,,,
2000-08-01,3800.0,,,
2000-09-01,3922.0,,,
2000-10-01,3965.0,,,
2000-11-01,3926.0,,,
2000-12-01,3958.0,,,
2001-01-01,3892.0,,,
2001-02-01,3896.0,,,
2001-03-01,3975.0,,,
2001-04-01,3880.0,,,
2001-05-01,4007.0,,,
2001-06-01,3836.0,,,
2001-07-01,4037.0,,,
2001-08-01,3894.0,,,
2001-09-01,3967.0,,,
2001-10-01,3943.0,,,
2001-11-01,3835.0,,,
2001-12-01,4002.0,,,
2002-01-01,3927.0,,,
2002-02-01,4063.0,,,
2002-03-01,4062.0,,,
2002-04-01,3864.0,,,
2002-05-01,3851.0,,,
2002-06-01,3882.0,,,
2002-07-01,3818.0,,,
2002-08-01,3992.0,,,
2002-09-01,3870.0,,,
2002-10-01,3908.0,,,
2002-11-01,3748.0,,,
2002-12-01,3885.0,,,
2003-01-01,3972.0,,,
2003-02-01,4065.0,,,
2003-03-01,4040.0,,,
2003-04-01,3954.0,,,
2003-05-01,3984.0,,,
2003-06-01,3979.0,,,
2003-07-01,3895.0,,,
2003-08-01,3943.0,,,
2003-09-01,3872.0,,,
2003-10-01,3881.0,,,
2003-11-01,3936.0,,,
2003-12-01,3857.0,,,
2004-01-01,3921.0,,,
2004-02-01,3899.0,,,
2004-03-01,4014.0,,,
2004-04-01,3948.0,,,
2004-05-01,3939.0,,,
2004-06-01,3845.0,,,
2004-07-01,3945.0,,,
2004-08-01,3761.0,,,
2004-09-01,3882.0,,,
2004-10-01,3964.0,,,
2004-11-01,3986.0,,,
2004-12-01,3881.0,,,
2005-01-01,4010.0,,,
2005-02-01,3884.0,,,
2005-03-01,3725.0,,,
2005-04-01,3888.0,,,
2005-05-01,3757.0,,,
2005-06-01,3963.0,,,
2005-07-01,3997.0,,,
2005-08-01,3931.0,,,
2005-09-01,3927.0,,,
2005-10-01,3848.0,,,
2005-11-01,3912.0,,,
2005-12-01,3916.0,,,
2006-01-01,3964.0,,,
2006-02-01,4068.0,,,
2006-03-01,3927.0,,,
2006-04-01,4058.0,,,
2006-05-01,3869.0,,,
2006-06-01,3953.0,,,
2006-07-01,3968.0,,,
2006-08-01,3915.0,,,
2006-09-01,3907.0,,,
2006-10-01,3918.0,,,
2006-11-01,4043.0,,,
2006-12-01,4071.0,,,
2007-01-01,3928.0,,,
2007-02-01,4034.0,,,
2007-03-01,3822.0,,,
2007-04-01,4057.0,,,
2007-05-01,3963.0,,,
2007-06-01,3848.0,,,
2007-07-01,4007.0,,,
2007-08-01,3828.0,,,
2007-09-01,4015.0,,,
2007-10-01,3887.0,,,
2007-11-01,3877.0,,,
2007-12-01,3907.0,,,
2008-01-01,3997.0,,,
2008-02-01,3876.0,,,
2008-03-01,3910.0,,,
2008-04-01,3832.0,,,
2008-05-01,3890.0,,,
2008-06-01,3926.0,,,
2008-07-01,3784.0,,,
2008-08-01,3894.0,,,
2008-09-01,3905.0,,,
2008-10-01,3926.0,,,
2008-11-01,3918.0,,,
2008-12-01,3837.0,,,
2009-01-01,3961.0,,,
2009-02-01,3949.0,,,
2009-03-01,4007.0,,,
2009-04-01,3805.0,,,
2009-05-01,3912.0,,,
2009-06-01,3867.0,,,
2009-07-01,4017.0,,,
2009-08-01,3883.0,,,
2009-09-01,4035.0,,,
2009-10-01,4057.0,,,
2009-11-01,4045.0,,,
2009-12-01,3936.0,,,
2010-01-01,4003.0,,,
2010-02-01,3864.0,,,
2010-03-01,3849.0,,,
2010-04-01,3940.0,,,
2010-05-01,4047.0,,,
2010-06-01,3808.0,,,
2010-07-01,4082.0,,,
2010-08-01,4033.0,,,
2010-09-01,3916.0,,,
2010-10-01,4052.0,,,
2010-11-01,4013.0,,,
2010-12-01,4103.0,,,
2011-01-01,3940.0,,,
2011-02-01,3923.0,,,
2011-03-01,4073.0,,,
2011-04-01,4005.0,,,
2011-05-01,3988.0,,,
2011-06-01,3972.0,,,
2011-07-01,3939.0,,,
2011-08-01,4029.0,,,
2011-09-01,4030.0,,,
2011-10-01,3853.0,,,
2011-11-01,3967.0,,,
2011-12-01,4003.0,,,
2012-01-01,4003.0,,,
2012-02-01,3868.0,,,
2012-03-01,3763.0,,,
2012-04-01,3845.0,,,
2012-05-01,3930.0,,,
2012-06-01,4004.0,,,
2012-07-01,3979.0,,,
2012-08-01,3909.0,,,
2012-09-01,3955.0,,,
2012-10-01,3828.0,,,
2012-11-01,3899.0,,,
2012-12-01,3917.0,,,
2013-01-01,3953.0,,,
2013-02-01,4016.0,,,
2013-03-01,3985.0,,,
2013-04-01,3965.0,,,
2013-05-01,3981.0,,,
2013-06-01,3907.0,,,
2013-07-01,4129.0,,,
2013-08-01,3891.0,,,
2013-09-01,4015.0,,,
2013-10-01,4030.0,,,
2013-11-01,4064.0,,,
2013-12-01,4059.0,,,
2014-01-01,4035.0,,,
2014-02-01,4010.0,,,
2014-03-01,4074.0,,,
2014-04-01,4012.0,,,
2014-05-01,4048.0,,,
2014-06-01,4071.0,,,
2014-07-01,4185.0,,,
2014-08-01,4100.0,,,
2014-09-01,4196.0,,,
2014-10-01,4237.0,,,
2014-11-01,3985.0,,,
2014-12-01,4074.0,,,
2015-01-01,3838.0,,,
2015-02-01,3925.0,,,
2015-03-01,4048.0,,,
2015-04-01,4040.0,,,
2015-05-01,4048.0,,,
2015-06-01,4001.0,,,
2015-07-01,3906.0,,,
2015-08-01,4123.0,,,
2015-09-01,4027.0,,,
2015-10-01,3980.0,,,
2015-11-01,4083.0,,,
2015-12-01,3989.0,,,
2016-01-01,4064.0,,,
2016-02-01,3927.0,,,
2016-03-01,4107.0,,,
2016-04-01,4066.0,,,
2016-05-01,3934.0,,,
2016-06-01,4024.0,,,
2016-07-01,3959.0,,,
2016-08-01,3975.0,,,
2016-09-01,4042.0,,,
2016-10-01,4016.0,,,
2016-11-01,3904.0,,,
2016-12-01,4168.0,,,
2017-01-01,4121.0,,,
2017-02-01,4004.0,,,
2017-03-01,4007.0,,,
2017-04-01,3951.0,,,
2017-05-01,3888.0,,,
2017-06-01,3978.0,,,
2017-07-01,4176.0,,,
2017-08-01,4056.0,,,
2017-09-01,4069.0,,,
2017-10-01,4008.0,,,
2017-11-01,3943.0,,,
2017-12-01,4041.0,,,
2018-01-01,3911.0,,,
2018-02-01,4001.0,,,
2018-03-01,4139.0,,,
2018-04-01,4015.0,,,
2018-05-01,4080.0,,,
2018-06-01,4210.0,,,
2018-07-01,4094.0,,,
2018-08-01,4105.0,,,
2018-09-01,4064.0,,,
2018-10-01,3960.0,,,
2018-11-01,4046.0,,,
2018-12-01,3975.0,,,
2019-01-01,3920.0,,,
2019-02-01,3984.0,,,
2019-03-01,3895.0,,,
2019-04-01,4169.0,,,
2019-05-01,4064.0,,,
2019-06-01,4064.0,,,
2019-07-01,3873.0,,,
2019-08-01,3931.0,,,
2019-09-01,3983.0,,,
2019-10-01,4054.0,,,
2019-11-01,4009.0,,,
2019-12-01,4025.0,,,
2020-01-01,3972.0,,,
2020-02-01,4089.0,,,
2020-03-01,3960.0,,,
2020-04-01,4020.0,,,
2020-05-01,3911.0,,,
2020-06-01,4064.0,,,
2020-07-01,4073.0,,,
2020-08-01,3972.0,,,
2020-09-01,3906.0,,,
2020-10-01,4028.0,,,
2020-11-01,3951.0,,,
2020-12-01,4053.0,,,
2021-01-01,4004.0,,,
2021-02-01,3866.0,,,
2021-03-01,3966.0,,,
2021-04-01,3980.0,,,
2021-05-01,4018.0,,,
2021-06-01,3970.0,,,
2021-07-01,3874.0,,,
2021-08-01,3901.0,,,
2021-09-01,4073.0,,,
2021-10-01,4017.0,,,
2021-11-01,3968.0,,,
2021-12-01,3872.0,,,
2022-01-01,3844.0,,,
2022-02-01,4115.0,,,
2022-03-01,3936.0,,,
2022-04-01,4002.0,,,
2022-05-01,3888.0,,,
2022-06-01,3910.0,,,
2022-07-01,4097.0,,,
2022-08-01,4101.0,,,
2022-09-01,4006.0,,,
2022-10-01,3932.0,,,
2022-11-01,3999.0,,,
2022-12-01,4050.0,,,
2023-01-01,3893.0,,,
2023-02-01,3913.0,,,
2023-03-01,3896.0,,,
2023-04-01,3965.0,,,
2023-05-01,3918.0,,,
2023-06-01,3858.0,,,
2023-07-01,3871.0,,,
2023-08-01,3946.0,,,
2023-09-01,3848.0,,,
2023-10-01,3815.0,,,
2023-11-01,3812.0,,,
2023-12-01,3893.0,,,
2024-01-01,3900.0,,,
2024-01-01,3900.0,,,
2024-02-01,,,3952.7627,4206.0
2024-03-01,,,3956.2717,4205.0
2024-04-01,,,3966.55,4205.0
2024-05-01,,,3966.905,4204.0
2024-06-01,,,3971.7502,4204.0
2024-07-01,,,3980.4624,4204.0
2024-08-01,,,3978.0562,4204.0
2024-09-01,,,3985.3613,4204.0
2024-10-01,,,3985.353,4204.0
2024-11-01,,,3995.05,4204.0
2024-12-01,,,4002.0598,4204.0
2025-01-01,,4000.4942300982657,4004.724,4204.0
2025-02-01,,,4011.1697,4205.0
2025-03-01,,,4015.657,4205.0
2025-04-01,,,4020.229,4205.0
2025-05-01,,,4024.4507,4205.0
2025-06-01,,,4028.6736,4205.0
2025-07-01,,,4032.7502,4205.0
2025-08-01,,,4036.5623,4205.0
2025-09-01,,,4040.427,4206.0
2025-10-01,,,4044.0574,4206.0
2025-11-01,,,4047.6724,4206.0
2025-12-01,,,4051.0012,4206.0
2026-01-01,,4003.756137213728,4054.1155,4206.0
2026-02-01,,,4057.1143,4206.0
2026-03-01,,,4059.9067,4206.0
2026-04-01,,,4062.5444,4206.0
2026-05-01,,,4065.0232,4207.0
2026-06-01,,,4067.354,4207.0
2026-07-01,,,4069.5393,4207.0
2026-08-01,,,4071.5847,4207.0
2026-09-01,,,4073.4988,4207.0
2026-10-01,,,4075.2832,4207.0
2026-11-01,,,4076.946,4207.0
2026-12-01,,,4078.49,4207.0
2027-01-01,,4007.053389472421,4079.924,4207.0
2027-02-01,,,4081.2551,4208.0
2027-03-01,,,4082.488,4208.0
2027-04-01,,,4083.6301,4208.0
2027-05-01,,,4084.687,4208.0
2027-06-01,,,4085.664,4208.0
2027-07-01,,,4086.5667,4208.0
2027-08-01,,,4087.4001,4208.0
2027-09-01,,,4088.1687,4208.0
2027-10-01,,,4088.8772,4208.0
2027-11-01,,,4089.53,4209.0
2027-12-01,,,4090.1313,4209.0
2028-01-01,,4010.3859868743457,4090.6848,4209.0
2028-02-01,,,4091.1938,4209.0
2028-03-01,,,4091.6624,4209.0
2028-04-01,,,4092.093,4209.0
2028-05-01,,,4092.4885,4209.0
2028-06-01,,,4092.852,4209.0
2028-07-01,,,4093.186,4209.0
2028-08-01,,,4093.493,4209.0
2028-09-01,,,4093.7744,4209.0
2028-10-01,,,4094.0325,4210.0
2028-11-01,,,4094.2698,4210.0
2028-12-01,,,4094.4873,4210.0
2029-01-01,,4013.753929419472,4094.6868,4210.0
2029-02-01,,,4094.8699,4210.0
2029-03-01,,,4095.0376,4210.0
2029-04-01,,,4095.1914,4210.0
2029-05-01,,,4095.3328,4210.0
2029-06-01,,,4095.462,4210.0
2029-07-01,,,4095.5806,4210.0
2029-08-01,,,4095.689,4210.0
2029-09-01,,,4095.7888,4211.0
2029-10-01,,,4095.88,4211.0
2029-11-01,,,4095.9636,4211.0
2029-12-01,,,4096.04,4211.0
2030-01-01,,4017.1572171078296,4096.1104,4211.0
2030-02-01,,,4096.175,4211.0
2030-03-01,,,4096.2334,4211.0
2030-04-01,,,4096.2876,4211.0
2030-05-01,,,4096.337,4211.0
2030-06-01,,,4096.3823,4211.0
2030-07-01,,,4096.424,4212.0
2030-08-01,,,4096.462,4212.0
2030-09-01,,,4096.4966,4212.0
2030-10-01,,,4096.5283,4212.0
2030-11-01,,,4096.5576,4212.0
2030-12-01,,,4096.584,4212.0
2031-01-01,,4020.59584993936,4096.609,4212.0
2031-02-01,,,4096.6313,4212.0
2031-03-01,,,4096.652,4212.0
2031-04-01,,,4096.6704,4212.0
2031-05-01,,,4096.6875,4212.0
2031-06-01,,,4096.7036,4213.0
2031-07-01,,,4096.718,4213.0
2031-08-01,,,4096.731,4213.0
2031-09-01,,,4096.743,4213.0
2031-10-01,,,4096.7544,4213.0
2031-11-01,,,4096.764,4213.0
2031-12-01,,,4096.774,4213.0
2032-01-01,,4024.069827914151,4096.782,4213.0
2032-02-01,,,4096.79,4213.0
2032-03-01,,,4096.7974,4213.0
2032-04-01,,,4096.8037,4213.0
2032-05-01,,,4096.8096,4214.0
2032-06-01,,,4096.8154,4214.0
2032-07-01,,,4096.8203,4214.0
2032-08-01,,,4096.8247,4214.0
2032-09-01,,,4096.829,4214.0
2032-10-01,,,4096.8325,4214.0
2032-11-01,,,4096.8364,4214.0
2032-12-01,,,4096.8394,4214.0
2033-01-01,,4027.5791510321433,4096.8423,4214.0
2033-02-01,,,4096.845,4214.0
2033-03-01,,,4096.8477,4214.0
2033-04-01,,,4096.85,4215.0
2033-05-01,,,4096.852,4215.0
2033-06-01,,,4096.8535,4215.0
2033-07-01,,,4096.8555,4215.0
2033-08-01,,,4096.8574,4215.0
2033-09-01,,,4096.8584,4215.0
2033-10-01,,,4096.86,4215.0
2033-11-01,,,4096.861,4215.0
2033-12-01,,,4096.8623,4215.0
2034-01-01,,4031.123819293367,4096.8633,4215.0
2034-02-01,,,4096.8643,4215.0
2034-03-01,,,4096.865,4216.0
2034-04-01,,,4096.8657,4216.0
2034-05-01,,,4096.8667,4216.0
2034-06-01,,,4096.867,4216.0
2034-07-01,,,4096.868,4216.0
2034-08-01,,,4096.8687,4216.0
2034-09-01,,,4096.869,4216.0
2034-10-01,,,4096.869,4216.0
2034-11-01,,,4096.87,4216.0
2034-12-01,,,4096.87,4216.0
2035-01-01,,4034.7038326978072,4096.8706,4216.0
2035-02-01,,,4096.871,4217.0
2035-03-01,,,4096.871,4217.0
2035-04-01,,,4096.8716,4217.0
2035-05-01,,,4096.8716,4217.0
2035-06-01,,,4096.872,4217.0
2035-07-01,,,4096.8726,4217.0
2035-08-01,,,4096.8726,4217.0
2035-09-01,,,4096.8726,4217.0
2035-10-01,,,4096.873,4217.0
2035-11-01,,,4096.873,4217.0
2035-12-01,,,4096.873,4218.0
2036-01-01,,4038.319191245435,4096.873,4218.0
2036-02-01,,,4096.8735,4218.0
2036-03-01,,,4096.8735,4218.0
2036-04-01,,,4096.8735,4218.0
2036-05-01,,,4096.8735,4218.0
2036-06-01,,,4096.8735,4218.0
2036-07-01,,,4096.8735,4218.0
2036-08-01,,,4096.874,4218.0
2036-09-01,,,4096.874,4218.0
2036-10-01,,,4096.874,4218.0
2036-11-01,,,4096.874,4219.0
2036-12-01,,,4096.874,4219.0
2037-01-01,,4041.969894936308,4096.874,4219.0
2037-02-01,,,4096.874,4219.0
2037-03-01,,,4096.874,4219.0
2037-04-01,,,4096.874,4219.0
2037-05-01,,,4096.874,4219.0
2037-06-01,,,4096.874,4219.0
2037-07-01,,,4096.874,4219.0
2037-08-01,,,4096.874,4219.0
2037-09-01,,,4096.874,4219.0
2037-10-01,,,4096.874,4220.0
2037-11-01,,,4096.8745,4220.0
2037-12-01,,,4096.8745,4220.0
2038-01-01,,4045.655943770398,4096.8745,4220.0
2038-02-01,,,4096.8745,4220.0
2038-03-01,,,4096.8745,4220.0
2038-04-01,,,4096.8745,4220.0
2038-05-01,,,4096.8745,4220.0
2038-06-01,,,4096.8745,4220.0
2038-07-01,,,4096.8745,4220.0
2038-08-01,,,4096.8745,4220.0
2038-09-01,,,4096.8745,4221.0
2038-10-01,,,4096.8745,4221.0
2038-11-01,,,4096.8745,4221.0
2038-12-01,,,4096.8745,4221.0
2039-01-01,,4049.3773377477046,4096.8745,4221.0
2039-02-01,,,4096.8745,4221.0
2039-03-01,,,4096.8745,4221.0
2039-04-01,,,4096.8745,4221.0
2039-05-01,,,4096.8745,4221.0
2039-06-01,,,4096.8745,4221.0
2039-07-01,,,4096.8745,4221.0
2039-08-01,,,4096.8745,4222.0
2039-09-01,,,4096.8745,4222.0
2039-10-01,,,4096.8745,4222.0
2039-11-01,,,4096.8745,4222.0
2039-12-01,,,4096.8745,4222.0
2040-01-01,,4053.134076868228,4096.8745,4222.0
2040-02-01,,,4096.8745,4222.0
2040-03-01,,,4096.8745,4222.0
2040-04-01,,,4096.8745,4222.0
2040-05-01,,,4096.8745,4222.0
2040-06-01,,,4096.8745,4223.0
2040-07-01,,,4096.8745,4223.0
2040-08-01,,,4096.8745,4223.0
2040-09-01,,,4096.8745,4223.0
2040-10-01,,,4096.8745,4223.0
2040-11-01,,,4096.8745,4223.0
2040-12-01,,,4096.8745,4223.0
2041-01-01,,4056.926161131938,4096.8745,4223.0
2041-02-01,,,4096.8745,4223.0
2041-03-01,,,4096.8745,4223.0
2041-04-01,,,4096.8745,4223.0
2041-05-01,,,4096.8745,4224.0
2041-06-01,,,4096.8745,4224.0
2041-07-01,,,4096.8745,4224.0
2041-08-01,,,4096.8745,4224.0
2041-09-01,,,4096.8745,4224.0
2041-10-01,,,4096.8745,4224.0
2041-11-01,,,4096.8745,4224.0
2041-12-01,,,4096.8745,4224.0
2042-01-01,,4060.753590538894,4096.8745,4224.0
2042-02-01,,,4096.8745,4224.0
2042-03-01,,,4096.8745,4224.0
2042-04-01,,,4096.8745,4225.0
2042-05-01,,,4096.8745,4225.0
2042-06-01,,,4096.8745,4225.0
2042-07-01,,,4096.8745,4225.0
2042-08-01,,,4096.8745,4225.0
2042-09-01,,,4096.8745,4225.0
2042-10-01,,,4096.8745,4225.0
2042-11-01,,,4096.8745,4225.0
2042-12-01,,,4096.8745,4225.0
2043-01-01,,4064.616365089066,4096.8745,4225.0
2043-02-01,,,4096.8745,4225.0
2043-03-01,,,4096.8745,4226.0
2043-04-01,,,4096.8745,4226.0
2043-05-01,,,4096.8745,4226.0
2043-06-01,,,4096.8745,4226.0
2043-07-01,,,4096.8745,4226.0
2043-08-01,,,4096.8745,4226.0
2043-09-01,,,4096.8745,4226.0
2043-10-01,,,4096.8745,4226.0
2043-11-01,,,4096.8745,4226.0
2043-12-01,,,4096.8745,4226.0
2044-01-01,,4068.514484782456,4096.8745,4226.0
2044-02-01,,,4096.8745,4227.0
2044-03-01,,,4096.8745,4227.0
2044-04-01,,,4096.8745,4227.0
2044-05-01,,,4096.8745,4227.0
2044-06-01,,,4096.8745,4227.0
2044-07-01,,,4096.8745,4227.0
2044-08-01,,,4096.8745,4227.0
2044-09-01,,,4096.8745,4227.0
2044-10-01,,,4096.8745,4227.0
2044-11-01,,,4096.8745,4227.0
2044-12-01,,,4096.8745,4227.0
2045-01-01,,4072.447949619076,4096.8745,4228.0
2045-02-01,,,4096.8745,4228.0
2045-03-01,,,4096.8745,4228.0
2045-04-01,,,4096.8745,4228.0
2045-05-01,,,4096.8745,4228.0
2045-06-01,,,4096.8745,4228.0
2045-07-01,,,4096.8745,4228.0
2045-08-01,,,4096.8745,4228.0
2045-09-01,,,4096.8745,4228.0
2045-10-01,,,4096.8745,4228.0
2045-11-01,,,4096.8745,4229.0
2045-12-01,,,4096.8745,4229.0
2046-01-01,,4076.416759598869,4096.8745,4229.0
2046-02-01,,,4096.8745,4229.0
2046-03-01,,,4096.8745,4229.0
2046-04-01,,,4096.8745,4229.0
2046-05-01,,,4096.8745,4229.0
2046-06-01,,,4096.8745,4229.0
2046-07-01,,,4096.8745,4229.0
2046-08-01,,,4096.8745,4229.0
2046-09-01,,,4096.8745,4229.0
2046-10-01,,,4096.8745,4230.0
2046-11-01,,,4096.8745,4230.0
2046-12-01,,,4096.8745,4230.0
2047-01-01,,4080.4209147219226,4096.8745,4230.0
2047-02-01,,,4096.8745,4230.0
2047-03-01,,,4096.8745,4230.0
2047-04-01,,,4096.8745,4230.0
2047-05-01,,,4096.8745,4230.0
2047-06-01,,,4096.8745,4230.0
2047-07-01,,,4096.8745,4230.0
2047-08-01,,,4096.8745,4230.0
2047-09-01,,,4096.8745,4231.0
2047-10-01,,,4096.8745,4231.0
2047-11-01,,,4096.8745,4231.0
2047-12-01,,,4096.8745,4231.0
2048-01-01,,4084.460414988178,4096.8745,4231.0
2048-02-01,,,4096.8745,4231.0
2048-03-01,,,4096.8745,4231.0
2048-04-01,,,4096.8745,4231.0
2048-05-01,,,4096.8745,4231.0
2048-06-01,,,4096.8745,4231.0
2048-07-01,,,4096.8745,4231.0
2048-08-01,,,4096.8745,4232.0
2048-09-01,,,4096.8745,4232.0
2048-10-01,,,4096.8745,4232.0
2048-11-01,,,4096.8745,4232.0
2048-12-01,,,4096.8745,4232.0
2049-01-01,,4088.535260397664,4096.8745,4232.0
2049-02-01,,,4096.8745,4232.0
2049-03-01,,,4096.8745,4232.0
2049-04-01,,,4096.8745,4232.0
2049-05-01,,,4096.8745,4232.0
2049-06-01,,,4096.8745,4232.0
2049-07-01,,,4096.8745,4233.0
2049-08-01,,,4096.8745,4233.0
2049-09-01,,,4096.8745,4233.0
2049-10-01,,,4096.8745,4233.0
2049-11-01,,,4096.8745,4233.0
2049-12-01,,,4096.8745,4233.0
2050-01-01,,4092.645450950353,4096.8745,4233.0
2050-02-01,,,4096.8745,4233.0
2050-03-01,,,4096.8745,4233.0
2050-04-01,,,4096.8745,4233.0
2050-05-01,,,4096.8745,4233.0
2050-06-01,,,4096.8745,4234.0
2050-07-01,,,4096.8745,4234.0
2050-08-01,,,4096.8745,4234.0
2050-09-01,,,4096.8745,4234.0
2050-10-01,,,4096.8745,4234.0
2050-11-01,,,4096.8745,4234.0
2050-12-01,,,4096.8745,4234.0
2051-01-01,,4096.790986646243,4096.8745,4234.0
2051-02-01,,,4096.8745,4234.0
2051-03-01,,,4096.8745,4234.0
2051-04-01,,,4096.8745,4235.0
2051-05-01,,,4096.8745,4235.0
2051-06-01,,,4096.8745,4235.0
2051-07-01,,,4096.8745,4235.0
2051-08-01,,,4096.8745,4235.0
2051-09-01,,,4096.8745,4235.0
2051-10-01,,,4096.8745,4235.0
2051-11-01,,,4096.8745,4235.0
2051-12-01,,,4096.8745,4235.0
2052-01-01,,4100.971867485365,4096.8745,4235.0
2052-02-01,,,4096.8745,4235.0
2052-03-01,,,4096.8745,4236.0
2052-04-01,,,4096.8745,4236.0
2052-05-01,,,4096.8745,4236.0
2052-06-01,,,4096.8745,4236.0
2052-07-01,,,4096.8745,4236.0
2052-08-01,,,4096.8745,4236.0
2052-09-01,,,4096.8745,4236.0
2052-10-01,,,4096.8745,4236.0
2052-11-01,,,4096.8745,4236.0
2052-12-01,,,4096.8745,4236.0
2053-01-01,,4105.188093467717,4096.8745,4236.0
2053-02-01,,,4096.8745,4237.0
2053-03-01,,,4096.8745,4237.0
2053-04-01,,,4096.8745,4237.0
2053-05-01,,,4096.8745,4237.0
2053-06-01,,,4096.8745,4237.0
2053-07-01,,,4096.8745,4237.0
2053-08-01,,,4096.8745,4237.0
2053-09-01,,,4096.8745,4237.0
2053-10-01,,,4096.8745,4237.0
2053-11-01,,,4096.8745,4237.0
2053-12-01,,,4096.8745,4237.0
2054-01-01,,4109.439664593287,4096.8745,4238.0
2054-02-01,,,4096.8745,4238.0
2054-03-01,,,4096.8745,4238.0
2054-04-01,,,4096.8745,4238.0
2054-05-01,,,4096.8745,4238.0
2054-06-01,,,4096.8745,4238.0
2054-07-01,,,4096.8745,4238.0
2054-08-01,,,4096.8745,4238.0
2054-09-01,,,4096.8745,4238.0
2054-10-01,,,4096.8745,4238.0
2054-11-01,,,4096.8745,4238.0
2054-12-01,,,4096.8745,4239.0
2055-01-01,,4113.726580862072,4096.8745,4239.0
2055-02-01,,,4096.8745,4239.0
2055-03-01,,,4096.8745,4239.0
2055-04-01,,,4096.8745,4239.0
2055-05-01,,,4096.8745,4239.0
2055-06-01,,,4096.8745,4239.0
2055-07-01,,,4096.8745,4239.0
2055-08-01,,,4096.8745,4239.0
2055-09-01,,,4096.8745,4239.0
2055-10-01,,,4096.8745,4240.0
2055-11-01,,,4096.8745,4240.0
2055-12-01,,,4096.8745,4240.0
2056-01-01,,4118.0488422740455,4096.8745,4240.0
2056-02-01,,,4096.8745,4240.0
2056-03-01,,,4096.8745,4240.0
2056-04-01,,,4096.8745,4240.0
2056-05-01,,,4096.8745,4240.0
2056-06-01,,,4096.8745,4240.0
2056-07-01,,,4096.8745,4240.0
2056-08-01,,,4096.8745,4240.0
2056-09-01,,,4096.8745,4241.0
2056-10-01,,,4096.8745,4241.0
2056-11-01,,,4096.8745,4241.0
2056-12-01,,,4096.8745,4241.0
2057-01-01,,4122.406448829264,4096.8745,4241.0
2057-02-01,,,4096.8745,4241.0
2057-03-01,,,4096.8745,4241.0
2057-04-01,,,4096.8745,4241.0
2057-05-01,,,4096.8745,4241.0
2057-06-01,,,4096.8745,4241.0
2057-07-01,,,4096.8745,4241.0
2057-08-01,,,4096.8745,4242.0
2057-09-01,,,4096.8745,4242.0
2057-10-01,,,4096.8745,4242.0
2057-11-01,,,4096.8745,4242.0
2057-12-01,,,4096.8745,4242.0
2058-01-01,,4126.7994005277,4096.8745,4242.0
2058-02-01,,,4096.8745,4242.0
2058-03-01,,,4096.8745,4242.0
2058-04-01,,,4096.8745,4242.0
2058-05-01,,,4096.8745,4242.0
2058-06-01,,,4096.8745,4242.0
2058-07-01,,,4096.8745,4243.0
2058-08-01,,,4096.8745,4243.0
2058-09-01,,,4096.8745,4243.0
2058-10-01,,,4096.8745,4243.0
2058-11-01,,,4096.8745,4243.0
2058-12-01,,,4096.8745,4243.0
2059-01-01,,4131.227697369352,4096.8745,4243.0
2059-02-01,,,4096.8745,4243.0
2059-03-01,,,4096.8745,4243.0
2059-04-01,,,4096.8745,4243.0
2059-05-01,,,4096.8745,4243.0
2059-06-01,,,4096.8745,4244.0
2059-07-01,,,4096.8745,4244.0
2059-08-01,,,4096.8745,4244.0
2059-09-01,,,4096.8745,4244.0
2059-10-01,,,4096.8745,4244.0
2059-11-01,,,4096.8745,4244.0
2059-12-01,,,4096.8745,4244.0
2060-01-01,,4135.69133935422,4096.8745,4244.0
2060-02-01,,,4096.8745,4244.0
2060-03-01,,,4096.8745,4244.0
2060-04-01,,,4096.8745,4244.0
2060-05-01,,,4096.8745,4245.0
2060-06-01,,,4096.8745,4245.0
2060-07-01,,,4096.8745,4245.0
2060-08-01,,,4096.8745,4245.0
2060-09-01,,,4096.8745,4245.0
2060-10-01,,,4096.8745,4245.0
2060-11-01,,,4096.8745,4245.0
2060-12-01,,,4096.8745,4245.0
2061-01-01,,4140.190326482276,4096.8745,4245.0
2061-02-01,,,4096.8745,4245.0
2061-03-01,,,4096.8745,4246.0
2061-04-01,,,4096.8745,4246.0
2061-05-01,,,4096.8745,4246.0
2061-06-01,,,4096.8745,4246.0
2061-07-01,,,4096.8745,4246.0
2061-08-01,,,4096.8745,4246.0
2061-09-01,,,4096.8745,4246.0
2061-10-01,,,4096.8745,4246.0
2061-11-01,,,4096.8745,4246.0
2061-12-01,,,4096.8745,4246.0
2062-01-01,,4144.724658753577,4096.8745,4246.0
2062-02-01,,,4096.8745,4247.0
2062-03-01,,,4096.8745,4247.0
2062-04-01,,,4096.8745,4247.0
2062-05-01,,,4096.8745,4247.0
2062-06-01,,,4096.8745,4247.0
2062-07-01,,,4096.8745,4247.0
2062-08-01,,,4096.8745,4247.0
2062-09-01,,,4096.8745,4247.0
2062-10-01,,,4096.8745,4247.0
2062-11-01,,,4096.8745,4247.0
2062-12-01,,,4096.8745,4247.0
2063-01-01,,4149.294336168096,4096.8745,4248.0
2063-02-01,,,4096.8745,4248.0
2063-03-01,,,4096.8745,4248.0
2063-04-01,,,4096.8745,4248.0
2063-05-01,,,4096.8745,4248.0
2063-06-01,,,4096.8745,4248.0
2063-07-01,,,4096.8745,4248.0
2063-08-01,,,4096.8745,4248.0
2063-09-01,,,4096.8745,4248.0
2063-10-01,,,4096.8745,4248.0
2063-11-01,,,4096.8745,4248.0
2063-12-01,,,4096.8745,4249.0
2064-01-01,,4153.899358725845,4096.8745,4249.0
2064-02-01,,,4096.8745,4249.0
2064-03-01,,,4096.8745,4249.0
2064-04-01,,,4096.8745,4249.0
2064-05-01,,,4096.8745,4249.0
2064-06-01,,,4096.8745,4249.0
2064-07-01,,,4096.8745,4249.0
2064-08-01,,,4096.8745,4249.0
2064-09-01,,,4096.8745,4249.0
2064-10-01,,,4096.8745,4249.0
2064-11-01,,,4096.8745,4250.0
2064-12-01,,,4096.8745,4250.0
2065-01-01,,4158.539726426796,4096.8745,4250.0
2065-02-01,,,4096.8745,4250.0
2065-03-01,,,4096.8745,4250.0
2065-04-01,,,4096.8745,4250.0
2065-05-01,,,4096.8745,4250.0
2065-06-01,,,4096.8745,4250.0
2065-07-01,,,4096.8745,4250.0
2065-08-01,,,4096.8745,4250.0
2065-09-01,,,4096.8745,4250.0
2065-10-01,,,4096.8745,4251.0
2065-11-01,,,4096.8745,4251.0
2065-12-01,,,4096.8745,4251.0
2066-01-01,,4163.215439270949,4096.8745,4251.0
2066-02-01,,,4096.8745,4251.0
2066-03-01,,,4096.8745,4251.0
2066-04-01,,,4096.8745,4251.0
2066-05-01,,,4096.8745,4251.0
2066-06-01,,,4096.8745,4251.0
2066-07-01,,,4096.8745,4251.0
2066-08-01,,,4096.8745,4252.0
2066-09-01,,,4096.8745,4252.0
2066-10-01,,,4096.8745,4252.0
2066-11-01,,,4096.8745,4252.0
2066-12-01,,,4096.8745,4252.0
2067-01-01,,4167.926497258333,4096.8745,4252.0
2067-02-01,,,4096.8745,4252.0
2067-03-01,,,4096.8745,4252.0
2067-04-01,,,4096.8745,4252.0
2067-05-01,,,4096.8745,4252.0
2067-06-01,,,4096.8745,4252.0
2067-07-01,,,4096.8745,4253.0
2067-08-01,,,4096.8745,4253.0
2067-09-01,,,4096.8745,4253.0
2067-10-01,,,4096.8745,4253.0
2067-11-01,,,4096.8745,4253.0
2067-12-01,,,4096.8745,4253.0
2068-01-01,,4172.672900388949,4096.8745,4253.0
2068-02-01,,,4096.8745,4253.0
2068-03-01,,,4096.8745,4253.0
2068-04-01,,,4096.8745,4253.0
2068-05-01,,,4096.8745,4253.0
2068-06-01,,,4096.8745,4254.0
2068-07-01,,,4096.8745,4254.0
2068-08-01,,,4096.8745,4254.0
2068-09-01,,,4096.8745,4254.0
2068-10-01,,,4096.8745,4254.0
2068-11-01,,,4096.8745,4254.0
2068-12-01,,,4096.8745,4254.0
2069-01-01,,4177.454648662766,4096.8745,4254.0
2069-02-01,,,4096.8745,4254.0
2069-03-01,,,4096.8745,4254.0
2069-04-01,,,4096.8745,4254.0
2069-05-01,,,4096.8745,4255.0
2069-06-01,,,4096.8745,4255.0
2069-07-01,,,4096.8745,4255.0
2069-08-01,,,4096.8745,4255.0
2069-09-01,,,4096.8745,4255.0
2069-10-01,,,4096.8745,4255.0
2069-11-01,,,4096.8745,4255.0
2069-12-01,,,4096.8745,4255.0
2070-01-01,,4182.271742079814,4096.8745,4255.0
2070-02-01,,,4096.8745,4255.0
2070-03-01,,,4096.8745,4255.0
2070-04-01,,,4096.8745,4256.0
2070-05-01,,,4096.8745,4256.0
2070-06-01,,,4096.8745,4256.0
2070-07-01,,,4096.8745,4256.0
2070-08-01,,,4096.8745,4256.0
2070-09-01,,,4096.8745,4256.0
2070-10-01,,,4096.8745,4256.0
2070-11-01,,,4096.8745,4256.0
2070-12-01,,,4096.8745,4256.0
2071-01-01,,4187.124180640036,4096.8745,4256.0
2071-02-01,,,4096.8745,4257.0
2071-03-01,,,4096.8745,4257.0
2071-04-01,,,4096.8745,4257.0
2071-05-01,,,4096.8745,4257.0
2071-06-01,,,4096.8745,4257.0
2071-07-01,,,4096.8745,4257.0
2071-08-01,,,4096.8745,4257.0
2071-09-01,,,4096.8745,4257.0
2071-10-01,,,4096.8745,4257.0
2071-11-01,,,4096.8745,4257.0
2071-12-01,,,4096.8745,4257.0
2072-01-01,,4192.011964343517,4096.8745,4258.0
2072-02-01,,,4096.8745,4258.0
2072-03-01,,,4096.8745,4258.0
2072-04-01,,,4096.8745,4258.0
2072-05-01,,,4096.8745,4258.0
2072-06-01,,,4096.8745,4258.0
2072-07-01,,,4096.8745,4258.0
2072-08-01,,,4096.8745,4258.0
2072-09-01,,,4096.8745,4258.0
2072-10-01,,,4096.8745,4258.0
2072-11-01,,,4096.8745,4258.0
2072-12-01,,,4096.8745,4259.0
2073-01-01,,4196.935093190215,4096.8745,4259.0
2073-02-01,,,4096.8745,4259.0
2073-03-01,,,4096.8745,4259.0
2073-04-01,,,4096.8745,4259.0
2073-05-01,,,4096.8745,4259.0
2073-06-01,,,4096.8745,4259.0
2073-07-01,,,4096.8745,4259.0
2073-08-01,,,4096.8745,4259.0
2073-09-01,,,4096.8745,4259.0
2073-10-01,,,4096.8745,4259.0
2073-11-01,,,4096.8745,4260.0
2073-12-01,,,4096.8745,4260.0
2074-01-01,,4201.89356718013,4096.8745,4260.0
2074-02-01,,,4096.8745,4260.0
2074-03-01,,,4096.8745,4260.0
2074-04-01,,,4096.8745,4260.0
2074-05-01,,,4096.8745,4260.0
2074-06-01,,,4096.8745,4260.0
2074-07-01,,,4096.8745,4260.0
2074-08-01,,,4096.8745,4260.0
2074-09-01,,,4096.8745,4260.0
2074-10-01,,,4096.8745,4261.0
2074-11-01,,,4096.8745,4261.0
2074-12-01,,,4096.8745,4261.0
2075-01-01,,4206.887386313261,4096.8745,4261.0
2075-02-01,,,4096.8745,4261.0
2075-03-01,,,4096.8745,4261.0
2075-04-01,,,4096.8745,4261.0
2075-05-01,,,4096.8745,4261.0
2075-06-01,,,4096.8745,4261.0
2075-07-01,,,4096.8745,4261.0
2075-08-01,,,4096.8745,4261.0
2075-09-01,,,4096.8745,4262.0
2075-10-01,,,4096.8745,4262.0
2075-11-01,,,4096.8745,4262.0
2075-12-01,,,4096.8745,4262.0
2076-01-01,,4211.916550589609,4096.8745,4262.0
2076-02-01,,,4096.8745,4262.0
2076-03-01,,,4096.8745,4262.0
2076-04-01,,,4096.8745,4262.0
2076-05-01,,,4096.8745,4262.0
2076-06-01,,,4096.8745,4262.0
2076-07-01,,,4096.8745,4263.0
2076-08-01,,,4096.8745,4263.0
2076-09-01,,,4096.8745,4263.0
2076-10-01,,,4096.8745,4263.0
2076-11-01,,,4096.8745,4263.0
2076-12-01,,,4096.8745,4263.0
2077-01-01,,4216.981060009144,4096.8745,4263.0
2077-02-01,,,4096.8745,4263.0
2077-03-01,,,4096.8745,4263.0
2077-04-01,,,4096.8745,4263.0
2077-05-01,,,4096.8745,4263.0
2077-06-01,,,4096.8745,4264.0
2077-07-01,,,4096.8745,4264.0
2077-08-01,,,4096.8745,4264.0
2077-09-01,,,4096.8745,4264.0
2077-10-01,,,4096.8745,4264.0
2077-11-01,,,4096.8745,4264.0
2077-12-01,,,4096.8745,4264.0
2078-01-01,,4222.080914571925,4096.8745,4264.0
2078-02-01,,,4096.8745,4264.0
2078-03-01,,,4096.8745,4264.0
2078-04-01,,,4096.8745,4264.0
2078-05-01,,,4096.8745,4265.0
2078-06-01,,,4096.8745,4265.0
2078-07-01,,,4096.8745,4265.0
2078-08-01,,,4096.8745,4265.0
2078-09-01,,,4096.8745,4265.0
2078-10-01,,,4096.8745,4265.0
2078-11-01,,,4096.8745,4265.0
2078-12-01,,,4096.8745,4265.0
2079-01-01,,4227.216114277922,4096.8745,4265.0
2079-02-01,,,4096.8745,4265.0
2079-03-01,,,4096.8745,4265.0
2079-04-01,,,4096.8745,4266.0
2079-05-01,,,4096.8745,4266.0
2079-06-01,,,4096.8745,4266.0
2079-07-01,,,4096.8745,4266.0
2079-08-01,,,4096.8745,4266.0
2079-09-01,,,4096.8745,4266.0
2079-10-01,,,4096.8745,4266.0
2079-11-01,,,4096.8745,4266.0
2079-12-01,,,4096.8745,4266.0
2080-01-01,,4232.386659127136,4096.8745,4266.0
2080-02-01,,,4096.8745,4266.0
2080-03-01,,,4096.8745,4267.0
2080-04-01,,,4096.8745,4267.0
2080-05-01,,,4096.8745,4267.0
2080-06-01,,,4096.8745,4267.0
2080-07-01,,,4096.8745,4267.0
2080-08-01,,,4096.8745,4267.0
2080-09-01,,,4096.8745,4267.0
2080-10-01,,,4096.8745,4267.0
2080-11-01,,,4096.8745,4267.0
2080-12-01,,,4096.8745,4267.0
2081-01-01,,4237.592549119567,4096.8745,4267.0
2081-02-01,,,4096.8745,4268.0
2081-03-01,,,4096.8745,4268.0
2081-04-01,,,4096.8745,4268.0
2081-05-01,,,4096.8745,4268.0
2081-06-01,,,4096.8745,4268.0
2081-07-01,,,4096.8745,4268.0
2081-08-01,,,4096.8745,4268.0
2081-09-01,,,4096.8745,4268.0
2081-10-01,,,4096.8745,4268.0
2081-11-01,,,4096.8745,4268.0
2081-12-01,,,4096.8745,4269.0
2082-01-01,,4242.833784255185,4096.8745,4269.0
2082-02-01,,,4096.8745,4269.0
2082-03-01,,,4096.8745,4269.0
2082-04-01,,,4096.8745,4269.0
2082-05-01,,,4096.8745,4269.0
2082-06-01,,,4096.8745,4269.0
2082-07-01,,,4096.8745,4269.0
2082-08-01,,,4096.8745,4269.0
2082-09-01,,,4096.8745,4269.0
2082-10-01,,,4096.8745,4269.0
2082-11-01,,,4096.8745,4270.0
2082-12-01,,,4096.8745,4270.0
2083-01-01,,4248.110364534063,4096.8745,4270.0
2083-02-01,,,4096.8745,4270.0
2083-03-01,,,4096.8745,4270.0
2083-04-01,,,4096.8745,4270.0
2083-05-01,,,4096.8745,4270.0
2083-06-01,,,4096.8745,4270.0
2083-07-01,,,4096.8745,4270.0
2083-08-01,,,4096.8745,4270.0
2083-09-01,,,4096.8745,4270.0
2083-10-01,,,4096.8745,4271.0
2083-11-01,,,4096.8745,4271.0
2083-12-01,,,4096.8745,4271.0
2084-01-01,,4253.422289956143,4096.8745,4271.0
2084-02-01,,,4096.8745,4271.0
2084-03-01,,,4096.8745,4271.0
2084-04-01,,,4096.8745,4271.0
2084-05-01,,,4096.8745,4271.0
2084-06-01,,,4096.8745,4271.0
2084-07-01,,,4096.8745,4271.0
2084-08-01,,,4096.8745,4271.0
2084-09-01,,,4096.8745,4272.0
2084-10-01,,,4096.8745,4272.0
2084-11-01,,,4096.8745,4272.0
2084-12-01,,,4096.8745,4272.0
2085-01-01,,4258.769560521454,4096.8745,4272.0
2085-02-01,,,4096.8745,4272.0
2085-03-01,,,4096.8745,4272.0
2085-04-01,,,4096.8745,4272.0
2085-05-01,,,4096.8745,4272.0
2085-06-01,,,4096.8745,4272.0
2085-07-01,,,4096.8745,4272.0
2085-08-01,,,4096.8745,4273.0
2085-09-01,,,4096.8745,4273.0
2085-10-01,,,4096.8745,4273.0
2085-11-01,,,4096.8745,4273.0
2085-12-01,,,4096.8745,4273.0
2086-01-01,,4264.152176229967,4096.8745,4273.0
2086-02-01,,,4096.8745,4273.0
2086-03-01,,,4096.8745,4273.0
2086-04-01,,,4096.8745,4273.0
2086-05-01,,,4096.8745,4273.0
2086-06-01,,,4096.8745,4274.0
2086-07-01,,,4096.8745,4274.0
2086-08-01,,,4096.8745,4274.0
2086-09-01,,,4096.8745,4274.0
2086-10-01,,,4096.8745,4274.0
2086-11-01,,,4096.8745,4274.0
2086-12-01,,,4096.8745,4274.0
2087-01-01,,4269.570137081682,4096.8745,4274.0
2087-02-01,,,4096.8745,4274.0
2087-03-01,,,4096.8745,4274.0
2087-04-01,,,4096.8745,4274.0
2087-05-01,,,4096.8745,4275.0
2087-06-01,,,4096.8745,4275.0
2087-07-01,,,4096.8745,4275.0
2087-08-01,,,4096.8745,4275.0
2087-09-01,,,4096.8745,4275.0
2087-10-01,,,4096.8745,4275.0
2087-11-01,,,4096.8745,4275.0
2087-12-01,,,4096.8745,4275.0
2088-01-01,,4275.023443076629,4096.8745,4275.0
2088-02-01,,,4096.8745,4275.0
2088-03-01,,,4096.8745,4275.0
2088-04-01,,,4096.8745,4276.0
2088-05-01,,,4096.8745,4276.0
2088-06-01,,,4096.8745,4276.0
2088-07-01,,,4096.8745,4276.0
2088-08-01,,,4096.8745,4276.0
2088-09-01,,,4096.8745,4276.0
2088-10-01,,,4096.8745,4276.0
2088-11-01,,,4096.8745,4276.0
2088-12-01,,,4096.8745,4276.0
2089-01-01,,4280.512094214806,4096.8745,4276.0
2089-02-01,,,4096.8745,4276.0
2089-03-01,,,4096.8745,4277.0
2089-04-01,,,4096.8745,4277.0
2089-05-01,,,4096.8745,4277.0
2089-06-01,,,4096.8745,4277.0
2089-07-01,,,4096.8745,4277.0
2089-08-01,,,4096.8745,4277.0
2089-09-01,,,4096.8745,4277.0
2089-10-01,,,4096.8745,4277.0
2089-11-01,,,4096.8745,4277.0
2089-12-01,,,4096.8745,4277.0
2090-01-01,,4286.0360904962,4096.8745,4277.0
2090-02-01,,,4096.8745,4278.0
2090-03-01,,,4096.8745,4278.0
2090-04-01,,,4096.8745,4278.0
2090-05-01,,,4096.8745,4278.0
2090-06-01,,,4096.8745,4278.0
2090-07-01,,,4096.8745,4278.0
2090-08-01,,,4096.8745,4278.0
2090-09-01,,,4096.8745,4278.0
2090-10-01,,,4096.8745,4278.0
2090-11-01,,,4096.8745,4278.0
2090-12-01,,,4096.8745,4278.0
2091-01-01,,4291.595431920796,4096.8745,4279.0
2091-02-01,,,4096.8745,4279.0
2091-03-01,,,4096.8745,4279.0
2091-04-01,,,4096.8745,4279.0
2091-05-01,,,4096.8745,4279.0
2091-06-01,,,4096.8745,4279.0
2091-07-01,,,4096.8745,4279.0
2091-08-01,,,4096.8745,4279.0
2091-09-01,,,4096.8745,4279.0
2091-10-01,,,4096.8745,4279.0
2091-11-01,,,4096.8745,4280.0
2091-12-01,,,4096.8745,4280.0
2092-01-01,,4297.190118488594,4096.8745,4280.0
2092-02-01,,,4096.8745,4280.0
2092-03-01,,,4096.8745,4280.0
2092-04-01,,,4096.8745,4280.0
2092-05-01,,,4096.8745,4280.0
2092-06-01,,,4096.8745,4280.0
2092-07-01,,,4096.8745,4280.0
2092-08-01,,,4096.8745,4280.0
2092-09-01,,,4096.8745,4280.0
2092-10-01,,,4096.8745,4281.0
2092-11-01,,,4096.8745,4281.0
2092-12-01,,,4096.8745,4281.0
2093-01-01,,4302.820150199637,4096.8745,4281.0
2093-02-01,,,4096.8745,4281.0
2093-03-01,,,4096.8745,4281.0
2093-04-01,,,4096.8745,4281.0
2093-05-01,,,4096.8745,4281.0
2093-06-01,,,4096.8745,4281.0
2093-07-01,,,4096.8745,4281.0
2093-08-01,,,4096.8745,4281.0
2093-09-01,,,4096.8745,4282.0
2093-10-01,,,4096.8745,4282.0
2093-11-01,,,4096.8745,4282.0
2093-12-01,,,4096.8745,4282.0
2094-01-01,,4308.485527053897,4096.8745,4282.0
2094-02-01,,,4096.8745,4282.0
2094-03-01,,,4096.8745,4282.0
2094-04-01,,,4096.8745,4282.0
2094-05-01,,,4096.8745,4282.0
2094-06-01,,,4096.8745,4282.0
2094-07-01,,,4096.8745,4282.0
2094-08-01,,,4096.8745,4283.0
2094-09-01,,,4096.8745,4283.0
2094-10-01,,,4096.8745,4283.0
2094-11-01,,,4096.8745,4283.0
2094-12-01,,,4096.8745,4283.0
2095-01-01,,4314.186249051374,4096.8745,4283.0
2095-02-01,,,4096.8745,4283.0
2095-03-01,,,4096.8745,4283.0
2095-04-01,,,4096.8745,4283.0
2095-05-01,,,4096.8745,4283.0
2095-06-01,,,4096.8745,4283.0
2095-07-01,,,4096.8745,4284.0
2095-08-01,,,4096.8745,4284.0
2095-09-01,,,4096.8745,4284.0
2095-10-01,,,4096.8745,4284.0
2095-11-01,,,4096.8745,4284.0
2095-12-01,,,4096.8745,4284.0
2096-01-01,,4319.922316192067,4096.8745,4284.0
2096-02-01,,,4096.8745,4284.0
2096-03-01,,,4096.8745,4284.0
2096-04-01,,,4096.8745,4284.0
2096-05-01,,,4096.8745,4284.0
2096-06-01,,,4096.8745,4285.0
2096-07-01,,,4096.8745,4285.0
2096-08-01,,,4096.8745,4285.0
2096-09-01,,,4096.8745,4285.0
2096-10-01,,,4096.8745,4285.0
2096-11-01,,,4096.8745,4285.0
2096-12-01,,,4096.8745,4285.0
2097-01-01,,4325.693728475948,4096.8745,4285.0
2097-02-01,,,4096.8745,4285.0
2097-03-01,,,4096.8745,4285.0
2097-04-01,,,4096.8745,4286.0
2097-05-01,,,4096.8745,4286.0
2097-06-01,,,4096.8745,4286.0
2097-07-01,,,4096.8745,4286.0
2097-08-01,,,4096.8745,4286.0
2097-09-01,,,4096.8745,4286.0
2097-10-01,,,4096.8745,4286.0
2097-11-01,,,4096.8745,4286.0
2097-12-01,,,4096.8745,4286.0
2098-01-01,,4331.500485903074,4096.8745,4286.0
2098-02-01,,,4096.8745,4286.0
2098-03-01,,,4096.8745,4287.0
2098-04-01,,,4096.8745,4287.0
2098-05-01,,,4096.8745,4287.0
2098-06-01,,,4096.8745,4287.0
2098-07-01,,,4096.8745,4287.0
2098-08-01,,,4096.8745,4287.0
2098-09-01,,,4096.8745,4287.0
2098-10-01,,,4096.8745,4287.0
2098-11-01,,,4096.8745,4287.0
2098-12-01,,,4096.8745,4287.0
2099-01-01,,4337.342588473417,4096.8745,4287.0
2099-02-01,,,4096.8745,4288.0
2099-03-01,,,4096.8745,4288.0
2099-04-01,,,4096.8745,4288.0
2099-05-01,,,4096.8745,4288.0
2099-06-01,,,4096.8745,4288.0
2099-07-01,,,4096.8745,4288.0
2099-08-01,,,4096.8745,4288.0
2099-09-01,,,4096.8745,4288.0
2099-10-01,,,4096.8745,4288.0
2099-11-01,,,4096.8745,4288.0
2099-12-01,,,4096.8745,4288.0
2100-01-01,,4343.220036186976,4096.8745,4289.0
2100-02-01,,,4096.8745,4289.0
2100-03-01,,,4096.8745,4289.0
2100-04-01,,,4096.8745,4289.0
2100-05-01,,,4096.8745,4289.0
2100-06-01,,,4096.8745,4289.0
2100-07-01,,,4096.8745,4289.0
2100-08-01,,,4096.8745,4289.0
2100-09-01,,,4096.8745,4289.0
2100-10-01,,,4096.8745,4289.0
2100-11-01,,,4096.8745,4289.0
2100-12-01,,,4096.8745,4290.0
2101-01-01,,4349.132829043767,4096.8745,4290.0
2101-02-01,,,4096.8745,4290.0
2101-03-01,,,4096.8745,4290.0
2101-04-01,,,4096.8745,4290.0
2101-05-01,,,4096.8745,4290.0
2101-06-01,,,4096.8745,4290.0
2101-07-01,,,4096.8745,4290.0
2101-08-01,,,4096.8745,4290.0
2101-09-01,,,4096.8745,4290.0
2101-10-01,,,4096.8745,4291.0
2101-11-01,,,4096.8745,4291.0
2101-12-01,,,4096.8745,4291.0
2102-01-01,,4355.08096704373,4096.8745,4291.0
2102-02-01,,,4096.8745,4291.0
2102-03-01,,,4096.8745,4291.0
2102-04-01,,,4096.8745,4291.0
2102-05-01,,,4096.8745,4291.0
2102-06-01,,,4096.8745,4291.0
2102-07-01,,,4096.8745,4291.0
2102-08-01,,,4096.8745,4291.0
2102-09-01,,,4096.8745,4292.0
2102-10-01,,,4096.8745,4292.0
2102-11-01,,,4096.8745,4292.0
2102-12-01,,,4096.8745,4292.0
2103-01-01,,4361.064450186939,4096.8745,4292.0
2103-02-01,,,4096.8745,4292.0
2103-03-01,,,4096.8745,4292.0
2103-04-01,,,4096.8745,4292.0
2103-05-01,,,4096.8745,4292.0
2103-06-01,,,4096.8745,4292.0
2103-07-01,,,4096.8745,4292.0
2103-08-01,,,4096.8745,4293.0
2103-09-01,,,4096.8745,4293.0
2103-10-01,,,4096.8745,4293.0
2103-11-01,,,4096.8745,4293.0
2103-12-01,,,4096.8745,4293.0
2104-01-01,,4367.083278473379,4096.8745,4293.0
2104-02-01,,,4096.8745,4293.0
2104-03-01,,,4096.8745,4293.0
2104-04-01,,,4096.8745,4293.0
2104-05-01,,,4096.8745,4293.0
2104-06-01,,,4096.8745,4293.0
2104-07-01,,,4096.8745,4294.0
2104-08-01,,,4096.8745,4294.0
2104-09-01,,,4096.8745,4294.0
2104-10-01,,,4096.8745,4294.0
2104-11-01,,,4096.8745,4294.0
2104-12-01,,,4096.8745,4294.0
2105-01-01,,4373.137451903021,4096.8745,4294.0
2105-02-01,,,4096.8745,4294.0
2105-03-01,,,4096.8745,4294.0
2105-04-01,,,4096.8745,4294.0
2105-05-01,,,4096.8745,4294.0
2105-06-01,,,4096.8745,4295.0
2105-07-01,,,4096.8745,4295.0
2105-08-01,,,4096.8745,4295.0
2105-09-01,,,4096.8745,4295.0
2105-10-01,,,4096.8745,4295.0
2105-11-01,,,4096.8745,4295.0
2105-12-01,,,4096.8745,4295.0
2106-01-01,,4379.226970475895,4096.8745,4295.0
2106-02-01,,,4096.8745,4295.0
2106-03-01,,,4096.8745,4295.0
2106-04-01,,,4096.8745,4295.0
2106-05-01,,,4096.8745,4296.0
2106-06-01,,,4096.8745,4296.0
2106-07-01,,,4096.8745,4296.0
2106-08-01,,,4096.8745,4296.0
2106-09-01,,,4096.8745,4296.0
2106-10-01,,,4096.8745,4296.0
2106-11-01,,,4096.8745,4296.0
2106-12-01,,,4096.8745,4296.0
2107-01-01,,4385.351834191941,4096.8745,4296.0
2107-02-01,,,4096.8745,4296.0
2107-03-01,,,4096.8745,4297.0
2107-04-01,,,4096.8745,4297.0
2107-05-01,,,4096.8745,4297.0
2107-06-01,,,4096.8745,4297.0
2107-07-01,,,4096.8745,4297.0
2107-08-01,,,4096.8745,4297.0
2107-09-01,,,4096.8745,4297.0
2107-10-01,,,4096.8745,4297.0
2107-11-01,,,4096.8745,4297.0
2107-12-01,,,4096.8745,4297.0
2108-01-01,,4391.512043051247,4096.8745,4297.0
2108-02-01,,,4096.8745,4298.0
2108-03-01,,,4096.8745,4298.0
2108-04-01,,,4096.8745,4298.0
2108-05-01,,,4096.8745,4298.0
2108-06-01,,,4096.8745,4298.0
2108-07-01,,,4096.8745,4298.0
2108-08-01,,,4096.8745,4298.0
2108-09-01,,,4096.8745,4298.0
2108-10-01,,,4096.8745,4298.0
2108-11-01,,,4096.8745,4298.0
2108-12-01,,,4096.8745,4298.0
2109-01-01,,4397.70759705377,4096.8745,4299.0
2109-02-01,,,4096.8745,4299.0
2109-03-01,,,4096.8745,4299.0
2109-04-01,,,4096.8745,4299.0
2109-05-01,,,4096.8745,4299.0
2109-06-01,,,4096.8745,4299.0
2109-07-01,,,4096.8745,4299.0
2109-08-01,,,4096.8745,4299.0
2109-09-01,,,4096.8745,4299.0
2109-10-01,,,4096.8745,4299.0
2109-11-01,,,4096.8745,4299.0
2109-12-01,,,4096.8745,4300.0
2110-01-01,,4403.938496199495,4096.8745,4300.0
2110-02-01,,,4096.8745,4300.0
2110-03-01,,,4096.8745,4300.0
2110-04-01,,,4096.8745,4300.0
2110-05-01,,,4096.8745,4300.0
2110-06-01,,,4096.8745,4300.0
2110-07-01,,,4096.8745,4300.0
2110-08-01,,,4096.8745,4300.0
2110-09-01,,,4096.8745,4300.0
2110-10-01,,,4096.8745,4300.0
2110-11-01,,,4096.8745,4301.0
2110-12-01,,,4096.8745,4301.0
2111-01-01,,4410.204740488451,4096.8745,4301.0
2111-02-01,,,4096.8745,4301.0
2111-03-01,,,4096.8745,4301.0
2111-04-01,,,4096.8745,4301.0
2111-05-01,,,4096.8745,4301.0
2111-06-01,,,4096.8745,4301.0
2111-07-01,,,4096.8745,4301.0
2111-08-01,,,4096.8745,4301.0
2111-09-01,,,4096.8745,4301.0
2111-10-01,,,4096.8745,4302.0
2111-11-01,,,4096.8745,4302.0
2111-12-01,,,4096.8745,4302.0
2112-01-01,,4416.506329920594,4096.8745,4302.0
2112-02-01,,,4096.8745,4302.0
2112-03-01,,,4096.8745,4302.0
2112-04-01,,,4096.8745,4302.0
2112-05-01,,,4096.8745,4302.0
2112-06-01,,,4096.8745,4302.0
2112-07-01,,,4096.8745,4302.0
2112-08-01,,,4096.8745,4303.0
2112-09-01,,,4096.8745,4303.0
2112-10-01,,,4096.8745,4303.0
2112-11-01,,,4096.8745,4303.0
2112-12-01,,,4096.8745,4303.0
2113-01-01,,4422.843264495983,4096.8745,4303.0
2113-02-01,,,4096.8745,4303.0
2113-03-01,,,4096.8745,4303.0
2113-04-01,,,4096.8745,4303.0
2113-05-01,,,4096.8745,4303.0
2113-06-01,,,4096.8745,4303.0
2113-07-01,,,4096.8745,4304.0
2113-08-01,,,4096.8745,4304.0
2113-09-01,,,4096.8745,4304.0
2113-10-01,,,4096.8745,4304.0
2113-11-01,,,4096.8745,4304.0
2113-12-01,,,4096.8745,4304.0
2114-01-01,,4429.215544214589,4096.8745,4304.0
2114-02-01,,,4096.8745,4304.0
2114-03-01,,,4096.8745,4304.0
2114-04-01,,,4096.8745,4304.0
2114-05-01,,,4096.8745,4304.0
2114-06-01,,,4096.8745,4305.0
2114-07-01,,,4096.8745,4305.0
2114-08-01,,,4096.8745,4305.0
2114-09-01,,,4096.8745,4305.0
2114-10-01,,,4096.8745,4305.0
2114-11-01,,,4096.8745,4305.0
2114-12-01,,,4096.8745,4305.0
2115-01-01,,4435.623169076411,4096.8745,4305.0
2115-02-01,,,4096.8745,4305.0
2115-03-01,,,4096.8745,4305.0
2115-04-01,,,4096.8745,4305.0
2115-05-01,,,4096.8745,4306.0
2115-06-01,,,4096.8745,4306.0
2115-07-01,,,4096.8745,4306.0
2115-08-01,,,4096.8745,4306.0
2115-09-01,,,4096.8745,4306.0
2115-10-01,,,4096.8745,4306.0
2115-11-01,,,4096.8745,4306.0
2115-12-01,,,4096.8745,4306.0
2116-01-01,,4442.066139081449,4096.8745,4306.0
2116-02-01,,,4096.8745,4306.0
2116-03-01,,,4096.8745,4306.0
2116-04-01,,,4096.8745,4307.0
2116-05-01,,,4096.8745,4307.0
2116-06-01,,,4096.8745,4307.0
2116-07-01,,,4096.8745,4307.0
2116-08-01,,,4096.8745,4307.0
2116-09-01,,,4096.8745,4307.0
2116-10-01,,,4096.8745,4307.0
2116-11-01,,,4096.8745,4307.0
2116-12-01,,,4096.8745,4307.0
2117-01-01,,4448.544454229676,4096.8745,4307.0
2117-02-01,,,4096.8745,4308.0
2117-03-01,,,4096.8745,4308.0
2117-04-01,,,4096.8745,4308.0
2117-05-01,,,4096.8745,4308.0
2117-06-01,,,4096.8745,4308.0
2117-07-01,,,4096.8745,4308.0
2117-08-01,,,4096.8745,4308.0
2117-09-01,,,4096.8745,4308.0
2117-10-01,,,4096.8745,4308.0
2117-11-01,,,4096.8745,4308.0
2117-12-01,,,4096.8745,4308.0
2118-01-01,,4455.058114521147,4096.8745,4309.0
2118-02-01,,,4096.8745,4309.0
2118-03-01,,,4096.8745,4309.0
2118-04-01,,,4096.8745,4309.0
2118-05-01,,,4096.8745,4309.0
2118-06-01,,,4096.8745,4309.0
2118-07-01,,,4096.8745,4309.0
2118-08-01,,,4096.8745,4309.0
2118-09-01,,,4096.8745,4309.0
2118-10-01,,,4096.8745,4309.0
2118-11-01,,,4096.8745,4309.0
2118-12-01,,,4096.8745,4310.0
2119-01-01,,4461.607119955836,4096.8745,4310.0
2119-02-01,,,4096.8745,4310.0
2119-03-01,,,4096.8745,4310.0
2119-04-01,,,4096.8745,4310.0
2119-05-01,,,4096.8745,4310.0
2119-06-01,,,4096.8745,4310.0
2119-07-01,,,4096.8745,4310.0
2119-08-01,,,4096.8745,4310.0
2119-09-01,,,4096.8745,4310.0
2119-10-01,,,4096.8745,4310.0
2119-11-01,,,4096.8745,4311.0
2119-12-01,,,4096.8745,4311.0
2120-01-01,,4468.191470533755,4096.8745,4311.0
2120-02-01,,,4096.8745,4311.0
2120-03-01,,,4096.8745,4311.0
2120-04-01,,,4096.8745,4311.0
2120-05-01,,,4096.8745,4311.0
2120-06-01,,,4096.8745,4311.0
2120-07-01,,,4096.8745,4311.0
2120-08-01,,,4096.8745,4311.0
2120-09-01,,,4096.8745,4311.0
2120-10-01,,,4096.8745,4312.0
2120-11-01,,,4096.8745,4312.0
2120-12-01,,,4096.8745,4312.0
2121-01-01,,4474.811166254876,4096.8745,4312.0
2121-02-01,,,4096.8745,4312.0
2121-03-01,,,4096.8745,4312.0
2121-04-01,,,4096.8745,4312.0
2121-05-01,,,4096.8745,4312.0
2121-06-01,,,4096.8745,4312.0
2121-07-01,,,4096.8745,4312.0
2121-08-01,,,4096.8745,4312.0
2121-09-01,,,4096.8745,4313.0
2121-10-01,,,4096.8745,4313.0
2121-11-01,,,4096.8745,4313.0
2121-12-01,,,4096.8745,4313.0
2122-01-01,,4481.466207119185,4096.8745,4313.0
2122-02-01,,,4096.8745,4313.0
2122-03-01,,,4096.8745,4313.0
2122-04-01,,,4096.8745,4313.0
2122-05-01,,,4096.8745,4313.0
2122-06-01,,,4096.8745,4313.0
2122-07-01,,,4096.8745,4314.0
2122-08-01,,,4096.8745,4314.0
2122-09-01,,,4096.8745,4314.0
2122-10-01,,,4096.8745,4314.0
2122-11-01,,,4096.8745,4314.0
2122-12-01,,,4096.8745,4314.0
2123-01-01,,4488.156593126754,4096.8745,4314.0
2123-02-01,,,4096.8745,4314.0
2123-03-01,,,4096.8745,4314.0
2123-04-01,,,4096.8745,4314.0
2123-05-01,,,4096.8745,4314.0
2123-06-01,,,4096.8745,4315.0
2123-07-01,,,4096.8745,4315.0
2123-08-01,,,4096.8745,4315.0
2123-09-01,,,4096.8745,4315.0
2123-10-01,,,4096.8745,4315.0
2123-11-01,,,4096.8745,4315.0
2123-12-01,,,4096.8745,4315.0
2124-01-01,,4494.882324277525,4096.8745,4315.0
2124-02-01,,,4096.8745,4315.0
2124-03-01,,,4096.8745,4315.0
2124-04-01,,,4096.8745,4315.0
2124-05-01,,,4096.8745,4316.0
2124-06-01,,,4096.8745,4316.0
2124-07-01,,,4096.8745,4316.0
2124-08-01,,,4096.8745,4316.0
2124-09-01,,,4096.8745,4316.0
2124-10-01,,,4096.8745,4316.0
2124-11-01,,,4096.8745,4316.0
2124-12-01,,,4096.8745,4316.0
2125-01-01,,4501.643400571527,4096.8745,4316.0
2125-02-01,,,4096.8745,4316.0
2125-03-01,,,4096.8745,4316.0
2125-04-01,,,4096.8745,4317.0
2125-05-01,,,4096.8745,4317.0
2125-06-01,,,4096.8745,4317.0
2125-07-01,,,4096.8745,4317.0
2125-08-01,,,4096.8745,4317.0
2125-09-01,,,4096.8745,4317.0
2125-10-01,,,4096.8745,4317.0
2125-11-01,,,4096.8745,4317.0
2125-12-01,,,4096.8745,4317.0
2126-01-01,,4508.439822008731,4096.8745,4317.0
2126-02-01,,,4096.8745,4317.0
2126-03-01,,,4096.8745,4318.0
2126-04-01,,,4096.8745,4318.0
2126-05-01,,,4096.8745,4318.0
2126-06-01,,,4096.8745,4318.0
2126-07-01,,,4096.8745,4318.0
2126-08-01,,,4096.8745,4318.0
2126-09-01,,,4096.8745,4318.0
2126-10-01,,,4096.8745,4318.0
2126-11-01,,,4096.8745,4318.0
2126-12-01,,,4096.8745,4318.0
2127-01-01,,4515.2715885891375,4096.8745,4318.0
2127-02-01,,,4096.8745,4319.0
2127-03-01,,,4096.8745,4319.0
2127-04-01,,,4096.8745,4319.0
2127-05-01,,,4096.8745,4319.0
2127-06-01,,,4096.8745,4319.0
2127-07-01,,,4096.8745,4319.0
2127-08-01,,,4096.8745,4319.0
2127-09-01,,,4096.8745,4319.0
2127-10-01,,,4096.8745,4319.0
2127-11-01,,,4096.8745,4319.0
2127-12-01,,,4096.8745,4320.0
2128-01-01,,4522.138700312789,4096.8745,4320.0
2128-02-01,,,4096.8745,4320.0
2128-03-01,,,4096.8745,4320.0
2128-04-01,,,4096.8745,4320.0
2128-05-01,,,4096.8745,4320.0
2128-06-01,,,4096.8745,4320.0
2128-07-01,,,4096.8745,4320.0
2128-08-01,,,4096.8745,4320.0
2128-09-01,,,4096.8745,4320.0
2128-10-01,,,4096.8745,4320.0
2128-11-01,,,4096.8745,4321.0
2128-12-01,,,4096.8745,4321.0
2129-01-01,,4529.041157179643,4096.8745,4321.0
2129-02-01,,,4096.8745,4321.0
2129-03-01,,,4096.8745,4321.0
2129-04-01,,,4096.8745,4321.0
2129-05-01,,,4096.8745,4321.0
2129-06-01,,,4096.8745,4321.0
2129-07-01,,,4096.8745,4321.0
2129-08-01,,,4096.8745,4321.0
2129-09-01,,,4096.8745,4321.0
2129-10-01,,,4096.8745,4322.0
2129-11-01,,,4096.8745,4322.0
2129-12-01,,,4096.8745,4322.0
2130-01-01,,4535.978959189728,4096.8745,4322.0
2130-02-01,,,4096.8745,4322.0
2130-03-01,,,4096.8745,4322.0
2130-04-01,,,4096.8745,4322.0
2130-05-01,,,4096.8745,4322.0
2130-06-01,,,4096.8745,4322.0
2130-07-01,,,4096.8745,4322.0
2130-08-01,,,4096.8745,4322.0
2130-09-01,,,4096.8745,4323.0
2130-10-01,,,4096.8745,4323.0
2130-11-01,,,4096.8745,4323.0
2130-12-01,,,4096.8745,4323.0
2131-01-01,,4542.952106343029,4096.8745,4323.0
2131-02-01,,,4096.8745,4323.0
2131-03-01,,,4096.8745,4323.0
2131-04-01,,,4096.8745,4323.0
2131-05-01,,,4096.8745,4323.0
2131-06-01,,,4096.8745,4323.0
2131-07-01,,,4096.8745,4323.0
2131-08-01,,,4096.8745,4324.0
2131-09-01,,,4096.8745,4324.0
2131-10-01,,,4096.8745,4324.0
2131-11-01,,,4096.8745,4324.0
2131-12-01,,,4096.8745,4324.0
2132-01-01,,4549.960598639547,4096.8745,4324.0
2132-02-01,,,4096.8745,4324.0
2132-03-01,,,4096.8745,4324.0
2132-04-01,,,4096.8745,4324.0
2132-05-01,,,4096.8745,4324.0
2132-06-01,,,4096.8745,4325.0
2132-07-01,,,4096.8745,4325.0
2132-08-01,,,4096.8745,4325.0
2132-09-01,,,4096.8745,4325.0
2132-10-01,,,4096.8745,4325.0
2132-11-01,,,4096.8745,4325.0
2132-12-01,,,4096.8745,4325.0
2133-01-01,,4557.004436079253,4096.8745,4325.0
2133-02-01,,,4096.8745,4325.0
2133-03-01,,,4096.8745,4325.0
2133-04-01,,,4096.8745,4325.0
2133-05-01,,,4096.8745,4326.0
2133-06-01,,,4096.8745,4326.0
2133-07-01,,,4096.8745,4326.0
2133-08-01,,,4096.8745,4326.0
2133-09-01,,,4096.8745,4326.0
2133-10-01,,,4096.8745,4326.0
2133-11-01,,,4096.8745,4326.0
2133-12-01,,,4096.8745,4326.0
2134-01-01,,4564.083618662204,4096.8745,4326.0
2134-02-01,,,4096.8745,4326.0
2134-03-01,,,4096.8745,4326.0
2134-04-01,,,4096.8745,4327.0
2134-05-01,,,4096.8745,4327.0
2134-06-01,,,4096.8745,4327.0
2134-07-01,,,4096.8745,4327.0
2134-08-01,,,4096.8745,4327.0
2134-09-01,,,4096.8745,4327.0
2134-10-01,,,4096.8745,4327.0
2134-11-01,,,4096.8745,4327.0
2134-12-01,,,4096.8745,4327.0
2135-01-01,,4571.198146388371,4096.8745,4327.0
2135-02-01,,,4096.8745,4327.0
2135-03-01,,,4096.8745,4328.0
2135-04-01,,,4096.8745,4328.0
2135-05-01,,,4096.8745,4328.0
2135-06-01,,,4096.8745,4328.0
2135-07-01,,,4096.8745,4328.0
2135-08-01,,,4096.8745,4328.0
2135-09-01,,,4096.8745,4328.0
2135-10-01,,,4096.8745,4328.0
2135-11-01,,,4096.8745,4328.0
2135-12-01,,,4096.8745,4328.0
2136-01-01,,4578.348019257755,4096.8745,4328.0
2136-02-01,,,4096.8745,4329.0
2136-03-01,,,4096.8745,4329.0
2136-04-01,,,4096.8745,4329.0
2136-05-01,,,4096.8745,4329.0
2136-06-01,,,4096.8745,4329.0
2136-07-01,,,4096.8745,4329.0
2136-08-01,,,4096.8745,4329.0
2136-09-01,,,4096.8745,4329.0
2136-10-01,,,4096.8745,4329.0
2136-11-01,,,4096.8745,4329.0
2136-12-01,,,4096.8745,4329.0
2137-01-01,,4585.533237270356,4096.8745,4330.0
2137-02-01,,,4096.8745,4330.0
2137-03-01,,,4096.8745,4330.0
2137-04-01,,,4096.8745,4330.0
2137-05-01,,,4096.8745,4330.0
2137-06-01,,,4096.8745,4330.0
2137-07-01,,,4096.8745,4330.0
2137-08-01,,,4096.8745,4330.0
2137-09-01,,,4096.8745,4330.0
2137-10-01,,,4096.8745,4330.0
2137-11-01,,,4096.8745,4331.0
2137-12-01,,,4096.8745,4331.0
2138-01-01,,4592.753800426159,4096.8745,4331.0
2138-02-01,,,4096.8745,4331.0
2138-03-01,,,4096.8745,4331.0
2138-04-01,,,4096.8745,4331.0
2138-05-01,,,4096.8745,4331.0
2138-06-01,,,4096.8745,4331.0
2138-07-01,,,4096.8745,4331.0
2138-08-01,,,4096.8745,4331.0
2138-09-01,,,4096.8745,4331.0
2138-10-01,,,4096.8745,4332.0
2138-11-01,,,4096.8745,4332.0
2138-12-01,,,4096.8745,4332.0
2139-01-01,,4600.0097087251925,4096.8745,4332.0
2139-02-01,,,4096.8745,4332.0
2139-03-01,,,4096.8745,4332.0
2139-04-01,,,4096.8745,4332.0
2139-05-01,,,4096.8745,4332.0
2139-06-01,,,4096.8745,4332.0
2139-07-01,,,4096.8745,4332.0
2139-08-01,,,4096.8745,4332.0
2139-09-01,,,4096.8745,4333.0
2139-10-01,,,4096.8745,4333.0
2139-11-01,,,4096.8745,4333.0
2139-12-01,,,4096.8745,4333.0
2140-01-01,,4607.300962167443,4096.8745,4333.0
2140-02-01,,,4096.8745,4333.0
2140-03-01,,,4096.8745,4333.0
2140-04-01,,,4096.8745,4333.0
2140-05-01,,,4096.8745,4333.0
2140-06-01,,,4096.8745,4333.0
2140-07-01,,,4096.8745,4333.0
2140-08-01,,,4096.8745,4334.0
2140-09-01,,,4096.8745,4334.0
2140-10-01,,,4096.8745,4334.0
2140-11-01,,,4096.8745,4334.0
2140-12-01,,,4096.8745,4334.0
2141-01-01,,4614.627560752924,4096.8745,4334.0
2141-02-01,,,4096.8745,4334.0
2141-03-01,,,4096.8745,4334.0
2141-04-01,,,4096.8745,4334.0
2141-05-01,,,4096.8745,4334.0
2141-06-01,,,4096.8745,4334.0
2141-07-01,,,4096.8745,4335.0
2141-08-01,,,4096.8745,4335.0
2141-09-01,,,4096.8745,4335.0
2141-10-01,,,4096.8745,4335.0
2141-11-01,,,4096.8745,4335.0
2141-12-01,,,4096.8745,4335.0
2142-01-01,,4621.989504481608,4096.8745,4335.0
2142-02-01,,,4096.8745,4335.0
2142-03-01,,,4096.8745,4335.0
2142-04-01,,,4096.8745,4335.0
2142-05-01,,,4096.8745,4335.0
2142-06-01,,,4096.8745,4336.0
2142-07-01,,,4096.8745,4336.0
2142-08-01,,,4096.8745,4336.0
2142-09-01,,,4096.8745,4336.0
2142-10-01,,,4096.8745,4336.0
2142-11-01,,,4096.8745,4336.0
2142-12-01,,,4096.8745,4336.0
2143-01-01,,4629.386793353478,4096.8745,4336.0
2143-02-01,,,4096.8745,4336.0
2143-03-01,,,4096.8745,4336.0
2143-04-01,,,4096.8745,4337.0
2143-05-01,,,4096.8745,4337.0
2143-06-01,,,4096.8745,4337.0
2143-07-01,,,4096.8745,4337.0
2143-08-01,,,4096.8745,4337.0
2143-09-01,,,4096.8745,4337.0
2143-10-01,,,4096.8745,4337.0
2143-11-01,,,4096.8745,4337.0
2143-12-01,,,4096.8745,4337.0
2144-01-01,,4636.8194273686095,4096.8745,4337.0
2144-02-01,,,4096.8745,4337.0
2144-03-01,,,4096.8745,4338.0
2144-04-01,,,4096.8745,4338.0
2144-05-01,,,4096.8745,4338.0
2144-06-01,,,4096.8745,4338.0
2144-07-01,,,4096.8745,4338.0
2144-08-01,,,4096.8745,4338.0
2144-09-01,,,4096.8745,4338.0
2144-10-01,,,4096.8745,4338.0
2144-11-01,,,4096.8745,4338.0
2144-12-01,,,4096.8745,4338.0
2145-01-01,,4644.287406526957,4096.8745,4338.0
2145-02-01,,,4096.8745,4339.0
2145-03-01,,,4096.8745,4339.0
2145-04-01,,,4096.8745,4339.0
2145-05-01,,,4096.8745,4339.0
2145-06-01,,,4096.8745,4339.0
2145-07-01,,,4096.8745,4339.0
2145-08-01,,,4096.8745,4339.0
2145-09-01,,,4096.8745,4339.0
2145-10-01,,,4096.8745,4339.0
2145-11-01,,,4096.8745,4339.0
2145-12-01,,,4096.8745,4339.0
2146-01-01,,4651.790730828507,4096.8745,4340.0
2146-02-01,,,4096.8745,4340.0
2146-03-01,,,4096.8745,4340.0
2146-04-01,,,4096.8745,4340.0
2146-05-01,,,4096.8745,4340.0
2146-06-01,,,4096.8745,4340.0
2146-07-01,,,4096.8745,4340.0
2146-08-01,,,4096.8745,4340.0
2146-09-01,,,4096.8745,4340.0
2146-10-01,,,4096.8745,4340.0
2146-11-01,,,4096.8745,4340.0
2146-12-01,,,4096.8745,4341.0
2147-01-01,,4659.329400273287,4096.8745,4341.0
2147-02-01,,,4096.8745,4341.0
2147-03-01,,,4096.8745,4341.0
2147-04-01,,,4096.8745,4341.0
2147-05-01,,,4096.8745,4341.0
2147-06-01,,,4096.8745,4341.0
2147-07-01,,,4096.8745,4341.0
2147-08-01,,,4096.8745,4341.0
2147-09-01,,,4096.8745,4341.0
2147-10-01,,,4096.8745,4342.0
2147-11-01,,,4096.8745,4342.0
2147-12-01,,,4096.8745,4342.0
2148-01-01,,4666.903414861255,4096.8745,4342.0
2148-02-01,,,4096.8745,4342.0
2148-03-01,,,4096.8745,4342.0
2148-04-01,,,4096.8745,4342.0
2148-05-01,,,4096.8745,4342.0
2148-06-01,,,4096.8745,4342.0
2148-07-01,,,4096.8745,4342.0
2148-08-01,,,4096.8745,4342.0
2148-09-01,,,4096.8745,4343.0
2148-10-01,,,4096.8745,4343.0
2148-11-01,,,4096.8745,4343.0
2148-12-01,,,4096.8745,4343.0
2149-01-01,,4674.512774592455,4096.8745,4343.0
2149-02-01,,,4096.8745,4343.0
2149-03-01,,,4096.8745,4343.0
2149-04-01,,,4096.8745,4343.0
2149-05-01,,,4096.8745,4343.0
2149-06-01,,,4096.8745,4343.0
2149-07-01,,,4096.8745,4343.0
2149-08-01,,,4096.8745,4344.0
2149-09-01,,,4096.8745,4344.0
2149-10-01,,,4096.8745,4344.0
2149-11-01,,,4096.8745,4344.0
2149-12-01,,,4096.8745,4344.0
2150-01-01,,4682.157479466885,4096.8745,4344.0
2150-02-01,,,4096.8745,4344.0
2150-03-01,,,4096.8745,4344.0
2150-04-01,,,4096.8745,4344.0
2150-05-01,,,4096.8745,4344.0
2150-06-01,,,4096.8745,4344.0
2150-07-01,,,4096.8745,4345.0
2150-08-01,,,4096.8745,4345.0
2150-09-01,,,4096.8745,4345.0
2150-10-01,,,4096.8745,4345.0
2150-11-01,,,4096.8745,4345.0
2150-12-01,,,4096.8745,4345.0
2151-01-01,,4689.837529484532,4096.8745,4345.0
2151-02-01,,,4096.8745,4345.0
2151-03-01,,,4096.8745,4345.0
2151-04-01,,,4096.8745,4345.0
2151-05-01,,,4096.8745,4345.0
2151-06-01,,,4096.8745,4346.0
2151-07-01,,,4096.8745,4346.0
2151-08-01,,,4096.8745,4346.0
2151-09-01,,,4096.8745,4346.0
2151-10-01,,,4096.8745,4346.0
2151-11-01,,,4096.8745,4346.0
2151-12-01,,,4096.8745,4346.0
2152-01-01,,4697.552924645395,4096.8745,4346.0
2152-02-01,,,4096.8745,4346.0
2152-03-01,,,4096.8745,4346.0
2152-04-01,,,4096.8745,4346.0
2152-05-01,,,4096.8745,4347.0
2152-06-01,,,4096.8745,4347.0
2152-07-01,,,4096.8745,4347.0
2152-08-01,,,4096.8745,4347.0
2152-09-01,,,4096.8745,4347.0
2152-10-01,,,4096.8745,4347.0
2152-11-01,,,4096.8745,4347.0
2152-12-01,,,4096.8745,4347.0
2153-01-01,,4705.303664949446,4096.8745,4347.0
2153-02-01,,,4096.8745,4347.0
2153-03-01,,,4096.8745,4348.0
2153-04-01,,,4096.8745,4348.0
2153-05-01,,,4096.8745,4348.0
2153-06-01,,,4096.8745,4348.0
2153-07-01,,,4096.8745,4348.0
2153-08-01,,,4096.8745,4348.0
2153-09-01,,,4096.8745,4348.0
2153-10-01,,,4096.8745,4348.0
2153-11-01,,,4096.8745,4348.0
2153-12-01,,,4096.8745,4348.0
2154-01-01,,4713.089750396743,4096.8745,4348.0
2154-02-01,,,4096.8745,4349.0
2154-03-01,,,4096.8745,4349.0
2154-04-01,,,4096.8745,4349.0
2154-05-01,,,4096.8745,4349.0
2154-06-01,,,4096.8745,4349.0
2154-07-01,,,4096.8745,4349.0
2154-08-01,,,4096.8745,4349.0
2154-09-01,,,4096.8745,4349.0
2154-10-01,,,4096.8745,4349.0
2154-11-01,,,4096.8745,4349.0
2154-12-01,,,4096.8745,4349.0
2155-01-01,,4720.911180987256,4096.8745,4350.0
2155-02-01,,,4096.8745,4350.0
2155-03-01,,,4096.8745,4350.0
2155-04-01,,,4096.8745,4350.0
2155-05-01,,,4096.8745,4350.0
2155-06-01,,,4096.8745,4350.0
2155-07-01,,,4096.8745,4350.0
2155-08-01,,,4096.8745,4350.0
2155-09-01,,,4096.8745,4350.0
2155-10-01,,,4096.8745,4350.0
2155-11-01,,,4096.8745,4350.0
2155-12-01,,,4096.8745,4351.0
2156-01-01,,4728.767956721,4096.8745,4351.0
2156-02-01,,,4096.8745,4351.0
2156-03-01,,,4096.8745,4351.0
2156-04-01,,,4096.8745,4351.0
2156-05-01,,,4096.8745,4351.0
2156-06-01,,,4096.8745,4351.0
2156-07-01,,,4096.8745,4351.0
2156-08-01,,,4096.8745,4351.0
2156-09-01,,,4096.8745,4351.0
2156-10-01,,,4096.8745,4351.0
2156-11-01,,,4096.8745,4352.0
2156-12-01,,,4096.8745,4352.0
2157-01-01,,4736.660077597946,4096.8745,4352.0
2157-02-01,,,4096.8745,4352.0
2157-03-01,,,4096.8745,4352.0
2157-04-01,,,4096.8745,4352.0
2157-05-01,,,4096.8745,4352.0
2157-06-01,,,4096.8745,4352.0
2157-07-01,,,4096.8745,4352.0
2157-08-01,,,4096.8745,4352.0
2157-09-01,,,4096.8745,4352.0
2157-10-01,,,4096.8745,4353.0
2157-11-01,,,4096.8745,4353.0
2157-12-01,,,4096.8745,4353.0
2158-01-01,,4744.58754361808,4096.8745,4353.0
2158-02-01,,,4096.8745,4353.0
2158-03-01,,,4096.8745,4353.0
2158-04-01,,,4096.8745,4353.0
2158-05-01,,,4096.8745,4353.0
2158-06-01,,,4096.8745,4353.0
2158-07-01,,,4096.8745,4353.0
2158-08-01,,,4096.8745,4354.0
2158-09-01,,,4096.8745,4354.0
2158-10-01,,,4096.8745,4354.0
2158-11-01,,,4096.8745,4354.0
2158-12-01,,,4096.8745,4354.0
2159-01-01,,4752.550354781459,4096.8745,4354.0
2159-02-01,,,4096.8745,4354.0
2159-03-01,,,4096.8745,4354.0
2159-04-01,,,4096.8745,4354.0
2159-05-01,,,4096.8745,4354.0
2159-06-01,,,4096.8745,4354.0
2159-07-01,,,4096.8745,4355.0
2159-08-01,,,4096.8745,4355.0
2159-09-01,,,4096.8745,4355.0
2159-10-01,,,4096.8745,4355.0
2159-11-01,,,4096.8745,4355.0
2159-12-01,,,4096.8745,4355.0
2160-01-01,,4760.548511088069,4096.8745,4355.0
2160-02-01,,,4096.8745,4355.0
2160-03-01,,,4096.8745,4355.0
2160-04-01,,,4096.8745,4355.0
2160-05-01,,,4096.8745,4355.0
2160-06-01,,,4096.8745,4356.0
2160-07-01,,,4096.8745,4356.0
2160-08-01,,,4096.8745,4356.0
2160-09-01,,,4096.8745,4356.0
2160-10-01,,,4096.8745,4356.0
2160-11-01,,,4096.8745,4356.0
2160-12-01,,,4096.8745,4356.0
2161-01-01,,4768.582012537881,4096.8745,4356.0
2161-02-01,,,4096.8745,4356.0
2161-03-01,,,4096.8745,4356.0
2161-04-01,,,4096.8745,4356.0
2161-05-01,,,4096.8745,4357.0
2161-06-01,,,4096.8745,4357.0
2161-07-01,,,4096.8745,4357.0
2161-08-01,,,4096.8745,4357.0
2161-09-01,,,4096.8745,4357.0
2161-10-01,,,4096.8745,4357.0
2161-11-01,,,4096.8745,4357.0
2161-12-01,,,4096.8745,4357.0
2162-01-01,,4776.650859130925,4096.8745,4357.0
2162-02-01,,,4096.8745,4357.0
2162-03-01,,,4096.8745,4357.0
2162-04-01,,,4096.8745,4358.0
2162-05-01,,,4096.8745,4358.0
2162-06-01,,,4096.8745,4358.0
2162-07-01,,,4096.8745,4358.0
2162-08-01,,,4096.8745,4358.0
2162-09-01,,,4096.8745,4358.0
2162-10-01,,,4096.8745,4358.0
2162-11-01,,,4096.8745,4358.0
2162-12-01,,,4096.8745,4358.0
2163-01-01,,4784.755050867141,4096.8745,4358.0
2163-02-01,,,4096.8745,4359.0
2163-03-01,,,4096.8745,4359.0
2163-04-01,,,4096.8745,4359.0
2163-05-01,,,4096.8745,4359.0
2163-06-01,,,4096.8745,4359.0
2163-07-01,,,4096.8745,4359.0
2163-08-01,,,4096.8745,4359.0
2163-09-01,,,4096.8745,4359.0
2163-10-01,,,4096.8745,4359.0
2163-11-01,,,4096.8745,4359.0
2163-12-01,,,4096.8745,4359.0
2164-01-01,,4792.894587746618,4096.8745,4360.0
2164-02-01,,,4096.8745,4360.0
2164-03-01,,,4096.8745,4360.0
2164-04-01,,,4096.8745,4360.0
2164-05-01,,,4096.8745,4360.0
2164-06-01,,,4096.8745,4360.0
2164-07-01,,,4096.8745,4360.0
2164-08-01,,,4096.8745,4360.0
2164-09-01,,,4096.8745,4360.0
2164-10-01,,,4096.8745,4360.0
2164-11-01,,,4096.8745,4360.0
2164-12-01,,,4096.8745,4361.0
2165-01-01,,4801.069469769296,4096.8745,4361.0
2165-02-01,,,4096.8745,4361.0
2165-03-01,,,4096.8745,4361.0
2165-04-01,,,4096.8745,4361.0
2165-05-01,,,4096.8745,4361.0
2165-06-01,,,4096.8745,4361.0
2165-07-01,,,4096.8745,4361.0
2165-08-01,,,4096.8745,4361.0
2165-09-01,,,4096.8745,4361.0
2165-10-01,,,4096.8745,4361.0
2165-11-01,,,4096.8745,4362.0
2165-12-01,,,4096.8745,4362.0
2166-01-01,,4809.279696935206,4096.8745,4362.0
2166-02-01,,,4096.8745,4362.0
2166-03-01,,,4096.8745,4362.0
2166-04-01,,,4096.8745,4362.0
2166-05-01,,,4096.8745,4362.0
2166-06-01,,,4096.8745,4362.0
2166-07-01,,,4096.8745,4362.0
2166-08-01,,,4096.8745,4362.0
2166-09-01,,,4096.8745,4362.0
2166-10-01,,,4096.8745,4363.0
2166-11-01,,,4096.8745,4363.0
2166-12-01,,,4096.8745,4363.0
2167-01-01,,4817.525269244332,4096.8745,4363.0
2167-02-01,,,4096.8745,4363.0
2167-03-01,,,4096.8745,4363.0
2167-04-01,,,4096.8745,4363.0
2167-05-01,,,4096.8745,4363.0
2167-06-01,,,4096.8745,4363.0
2167-07-01,,,4096.8745,4363.0
2167-08-01,,,4096.8745,4363.0
2167-09-01,,,4096.8745,4364.0
2167-10-01,,,4096.8745,4364.0
2167-11-01,,,4096.8745,4364.0
2167-12-01,,,4096.8745,4364.0
2168-01-01,,4825.806186696645,4096.8745,4364.0
2168-02-01,,,4096.8745,4364.0
2168-03-01,,,4096.8745,4364.0
2168-04-01,,,4096.8745,4364.0
2168-05-01,,,4096.8745,4364.0
2168-06-01,,,4096.8745,4364.0
2168-07-01,,,4096.8745,4365.0
2168-08-01,,,4096.8745,4365.0
2168-09-01,,,4096.8745,4365.0
2168-10-01,,,4096.8745,4365.0
2168-11-01,,,4096.8745,4365.0
2168-12-01,,,4096.8745,4365.0
2169-01-01,,4834.122449292205,4096.8745,4365.0
2169-02-01,,,4096.8745,4365.0
2169-03-01,,,4096.8745,4365.0
2169-04-01,,,4096.8745,4365.0
2169-05-01,,,4096.8745,4365.0
2169-06-01,,,4096.8745,4366.0
2169-07-01,,,4096.8745,4366.0
2169-08-01,,,4096.8745,4366.0
2169-09-01,,,4096.8745,4366.0
2169-10-01,,,4096.8745,4366.0
2169-11-01,,,4096.8745,4366.0
2169-12-01,,,4096.8745,4366.0
2170-01-01,,4842.474057030966,4096.8745,4366.0
2170-02-01,,,4096.8745,4366.0
2170-03-01,,,4096.8745,4366.0
2170-04-01,,,4096.8745,4366.0
2170-05-01,,,4096.8745,4367.0
2170-06-01,,,4096.8745,4367.0
2170-07-01,,,4096.8745,4367.0
2170-08-01,,,4096.8745,4367.0
2170-09-01,,,4096.8745,4367.0
2170-10-01,,,4096.8745,4367.0
2170-11-01,,,4096.8745,4367.0
2170-12-01,,,4096.8745,4367.0
2171-01-01,,4850.861009912958,4096.8745,4367.0
2171-02-01,,,4096.8745,4367.0
2171-03-01,,,4096.8745,4367.0
2171-04-01,,,4096.8745,4368.0
2171-05-01,,,4096.8745,4368.0
2171-06-01,,,4096.8745,4368.0
2171-07-01,,,4096.8745,4368.0
2171-08-01,,,4096.8745,4368.0
2171-09-01,,,4096.8745,4368.0
2171-10-01,,,4096.8745,4368.0
2171-11-01,,,4096.8745,4368.0
2171-12-01,,,4096.8745,4368.0
2172-01-01,,4859.283307938167,4096.8745,4368.0
2172-02-01,,,4096.8745,4368.0
2172-03-01,,,4096.8745,4369.0
2172-04-01,,,4096.8745,4369.0
2172-05-01,,,4096.8745,4369.0
2172-06-01,,,4096.8745,4369.0
2172-07-01,,,4096.8745,4369.0
2172-08-01,,,4096.8745,4369.0
2172-09-01,,,4096.8745,4369.0
2172-10-01,,,4096.8745,4369.0
2172-11-01,,,4096.8745,4369.0
2172-12-01,,,4096.8745,4369.0
2173-01-01,,4867.740951106563,4096.8745,4369.0
2173-02-01,,,4096.8745,4370.0
2173-03-01,,,4096.8745,4370.0
2173-04-01,,,4096.8745,4370.0
2173-05-01,,,4096.8745,4370.0
2173-06-01,,,4096.8745,4370.0
2173-07-01,,,4096.8745,4370.0
2173-08-01,,,4096.8745,4370.0
2173-09-01,,,4096.8745,4370.0
2173-10-01,,,4096.8745,4370.0
2173-11-01,,,4096.8745,4370.0
2173-12-01,,,4096.8745,4371.0
2174-01-01,,4876.23393941822,4096.8745,4371.0
2174-02-01,,,4096.8745,4371.0
2174-03-01,,,4096.8745,4371.0
2174-04-01,,,4096.8745,4371.0
2174-05-01,,,4096.8745,4371.0
2174-06-01,,,4096.8745,4371.0
2174-07-01,,,4096.8745,4371.0
2174-08-01,,,4096.8745,4371.0
2174-09-01,,,4096.8745,4371.0
2174-10-01,,,4096.8745,4371.0
2174-11-01,,,4096.8745,4372.0
2174-12-01,,,4096.8745,4372.0
2175-01-01,,4884.762272873079,4096.8745,4372.0
2175-02-01,,,4096.8745,4372.0
2175-03-01,,,4096.8745,4372.0
2175-04-01,,,4096.8745,4372.0
2175-05-01,,,4096.8745,4372.0
2175-06-01,,,4096.8745,4372.0
2175-07-01,,,4096.8745,4372.0
2175-08-01,,,4096.8745,4372.0
2175-09-01,,,4096.8745,4372.0
2175-10-01,,,4096.8745,4373.0
2175-11-01,,,4096.8745,4373.0
2175-12-01,,,4096.8745,4373.0
2176-01-01,,4893.3259514711535,4096.8745,4373.0
2176-02-01,,,4096.8745,4373.0
2176-03-01,,,4096.8745,4373.0
2176-04-01,,,4096.8745,4373.0
2176-05-01,,,4096.8745,4373.0
2176-06-01,,,4096.8745,4373.0
2176-07-01,,,4096.8745,4373.0
2176-08-01,,,4096.8745,4373.0
2176-09-01,,,4096.8745,4374.0
2176-10-01,,,4096.8745,4374.0
2176-11-01,,,4096.8745,4374.0
2176-12-01,,,4096.8745,4374.0
2177-01-01,,4901.924975212445,4096.8745,4374.0
2177-02-01,,,4096.8745,4374.0
2177-03-01,,,4096.8745,4374.0
2177-04-01,,,4096.8745,4374.0
2177-05-01,,,4096.8745,4374.0
2177-06-01,,,4096.8745,4374.0
2177-07-01,,,4096.8745,4374.0
2177-08-01,,,4096.8745,4375.0
2177-09-01,,,4096.8745,4375.0
2177-10-01,,,4096.8745,4375.0
2177-11-01,,,4096.8745,4375.0
2177-12-01,,,4096.8745,4375.0
2178-01-01,,4910.559344096939,4096.8745,4375.0
2178-02-01,,,4096.8745,4375.0
2178-03-01,,,4096.8745,4375.0
2178-04-01,,,4096.8745,4375.0
2178-05-01,,,4096.8745,4375.0
2178-06-01,,,4096.8745,4376.0
2178-07-01,,,4096.8745,4376.0
2178-08-01,,,4096.8745,4376.0
2178-09-01,,,4096.8745,4376.0
2178-10-01,,,4096.8745,4376.0
2178-11-01,,,4096.8745,4376.0
2178-12-01,,,4096.8745,4376.0
2179-01-01,,4919.229058124663,4096.8745,4376.0
2179-02-01,,,4096.8745,4376.0
2179-03-01,,,4096.8745,4376.0
2179-04-01,,,4096.8745,4376.0
2179-05-01,,,4096.8745,4377.0
2179-06-01,,,4096.8745,4377.0
2179-07-01,,,4096.8745,4377.0
2179-08-01,,,4096.8745,4377.0
2179-09-01,,,4096.8745,4377.0
2179-10-01,,,4096.8745,4377.0
2179-11-01,,,4096.8745,4377.0
2179-12-01,,,4096.8745,4377.0
2180-01-01,,4927.934117295605,4096.8745,4377.0
2180-02-01,,,4096.8745,4377.0
2180-03-01,,,4096.8745,4377.0
2180-04-01,,,4096.8745,4378.0
2180-05-01,,,4096.8745,4378.0
2180-06-01,,,4096.8745,4378.0
2180-07-01,,,4096.8745,4378.0
2180-08-01,,,4096.8745,4378.0
2180-09-01,,,4096.8745,4378.0
2180-10-01,,,4096.8745,4378.0
2180-11-01,,,4096.8745,4378.0
2180-12-01,,,4096.8745,4378.0
2181-01-01,,4936.674521609777,4096.8745,4378.0
2181-02-01,,,4096.8745,4378.0
2181-03-01,,,4096.8745,4379.0
2181-04-01,,,4096.8745,4379.0
2181-05-01,,,4096.8745,4379.0
2181-06-01,,,4096.8745,4379.0
2181-07-01,,,4096.8745,4379.0
2181-08-01,,,4096.8745,4379.0
2181-09-01,,,4096.8745,4379.0
2181-10-01,,,4096.8745,4379.0
2181-11-01,,,4096.8745,4379.0
2181-12-01,,,4096.8745,4379.0
2182-01-01,,4945.450271067151,4096.8745,4379.0
2182-02-01,,,4096.8745,4380.0
2182-03-01,,,4096.8745,4380.0
2182-04-01,,,4096.8745,4380.0
2182-05-01,,,4096.8745,4380.0
2182-06-01,,,4096.8745,4380.0
2182-07-01,,,4096.8745,4380.0
2182-08-01,,,4096.8745,4380.0
2182-09-01,,,4096.8745,4380.0
2182-10-01,,,4096.8745,4380.0
2182-11-01,,,4096.8745,4380.0
2182-12-01,,,4096.8745,4380.0
2183-01-01,,4954.261365667757,4096.8745,4381.0
2183-02-01,,,4096.8745,4381.0
2183-03-01,,,4096.8745,4381.0
2183-04-01,,,4096.8745,4381.0
2183-05-01,,,4096.8745,4381.0
2183-06-01,,,4096.8745,4381.0
2183-07-01,,,4096.8745,4381.0
2183-08-01,,,4096.8745,4381.0
2183-09-01,,,4096.8745,4381.0
2183-10-01,,,4096.8745,4381.0
2183-11-01,,,4096.8745,4382.0
2183-12-01,,,4096.8745,4382.0
2184-01-01,,4963.10780541155,4096.8745,4382.0
2184-02-01,,,4096.8745,4382.0
2184-03-01,,,4096.8745,4382.0
2184-04-01,,,4096.8745,4382.0
2184-05-01,,,4096.8745,4382.0
2184-06-01,,,4096.8745,4382.0
2184-07-01,,,4096.8745,4382.0
2184-08-01,,,4096.8745,4382.0
2184-09-01,,,4096.8745,4382.0
2184-10-01,,,4096.8745,4383.0
2184-11-01,,,4096.8745,4383.0
2184-12-01,,,4096.8745,4383.0
2185-01-01,,4971.989590298574,4096.8745,4383.0
2185-02-01,,,4096.8745,4383.0
2185-03-01,,,4096.8745,4383.0
2185-04-01,,,4096.8745,4383.0
2185-05-01,,,4096.8745,4383.0
2185-06-01,,,4096.8745,4383.0
2185-07-01,,,4096.8745,4383.0
2185-08-01,,,4096.8745,4383.0
2185-09-01,,,4096.8745,4384.0
2185-10-01,,,4096.8745,4384.0
2185-11-01,,,4096.8745,4384.0
2185-12-01,,,4096.8745,4384.0
2186-01-01,,4980.906720328829,4096.8745,4384.0
2186-02-01,,,4096.8745,4384.0
2186-03-01,,,4096.8745,4384.0
2186-04-01,,,4096.8745,4384.0
2186-05-01,,,4096.8745,4384.0
2186-06-01,,,4096.8745,4384.0
2186-07-01,,,4096.8745,4384.0
2186-08-01,,,4096.8745,4385.0
2186-09-01,,,4096.8745,4385.0
2186-10-01,,,4096.8745,4385.0
2186-11-01,,,4096.8745,4385.0
2186-12-01,,,4096.8745,4385.0
2187-01-01,,4989.8591955023,4096.8745,4385.0
2187-02-01,,,4096.8745,4385.0
2187-03-01,,,4096.8745,4385.0
2187-04-01,,,4096.8745,4385.0
2187-05-01,,,4096.8745,4385.0
2187-06-01,,,4096.8745,4385.0
2187-07-01,,,4096.8745,4386.0
2187-08-01,,,4096.8745,4386.0
2187-09-01,,,4096.8745,4386.0
2187-10-01,,,4096.8745,4386.0
2187-11-01,,,4096.8745,4386.0
2187-12-01,,,4096.8745,4386.0
2188-01-01,,4998.847015818988,4096.8745,4386.0
2188-02-01,,,4096.8745,4386.0
2188-03-01,,,4096.8745,4386.0
2188-04-01,,,4096.8745,4386.0
2188-05-01,,,4096.8745,4386.0
2188-06-01,,,4096.8745,4387.0
2188-07-01,,,4096.8745,4387.0
2188-08-01,,,4096.8745,4387.0
2188-09-01,,,4096.8745,4387.0
2188-10-01,,,4096.8745,4387.0
2188-11-01,,,4096.8745,4387.0
2188-12-01,,,4096.8745,4387.0
2189-01-01,,5007.870181278864,4096.8745,4387.0
2189-02-01,,,4096.8745,4387.0
2189-03-01,,,4096.8745,4387.0
2189-04-01,,,4096.8745,4388.0
2189-05-01,,,4096.8745,4388.0
2189-06-01,,,4096.8745,4388.0
2189-07-01,,,4096.8745,4388.0
2189-08-01,,,4096.8745,4388.0
2189-09-01,,,4096.8745,4388.0
2189-10-01,,,4096.8745,4388.0
2189-11-01,,,4096.8745,4388.0
2189-12-01,,,4096.8745,4388.0
2190-01-01,,5016.928691881985,4096.8745,4388.0
2190-02-01,,,4096.8745,4388.0
2190-03-01,,,4096.8745,4389.0
2190-04-01,,,4096.8745,4389.0
2190-05-01,,,4096.8745,4389.0
2190-06-01,,,4096.8745,4389.0
2190-07-01,,,4096.8745,4389.0
2190-08-01,,,4096.8745,4389.0
2190-09-01,,,4096.8745,4389.0
2190-10-01,,,4096.8745,4389.0
2190-11-01,,,4096.8745,4389.0
2190-12-01,,,4096.8745,4389.0
2191-01-01,,5026.022547628323,4096.8745,4389.0
2191-02-01,,,4096.8745,4390.0
2191-03-01,,,4096.8745,4390.0
2191-04-01,,,4096.8745,4390.0
2191-05-01,,,4096.8745,4390.0
2191-06-01,,,4096.8745,4390.0
2191-07-01,,,4096.8745,4390.0
2191-08-01,,,4096.8745,4390.0
2191-09-01,,,4096.8745,4390.0
2191-10-01,,,4096.8745,4390.0
2191-11-01,,,4096.8745,4390.0
2191-12-01,,,4096.8745,4390.0
2192-01-01,,5035.151748517877,4096.8745,4391.0
2192-02-01,,,4096.8745,4391.0
2192-03-01,,,4096.8745,4391.0
2192-04-01,,,4096.8745,4391.0
2192-05-01,,,4096.8745,4391.0
2192-06-01,,,4096.8745,4391.0
2192-07-01,,,4096.8745,4391.0
2192-08-01,,,4096.8745,4391.0
2192-09-01,,,4096.8745,4391.0
2192-10-01,,,4096.8745,4391.0
2192-11-01,,,4096.8745,4391.0
2192-12-01,,,4096.8745,4392.0
2193-01-01,,5044.316294550648,4096.8745,4392.0
2193-02-01,,,4096.8745,4392.0
2193-03-01,,,4096.8745,4392.0
2193-04-01,,,4096.8745,4392.0
2193-05-01,,,4096.8745,4392.0
2193-06-01,,,4096.8745,4392.0
2193-07-01,,,4096.8745,4392.0
2193-08-01,,,4096.8745,4392.0
2193-09-01,,,4096.8745,4392.0
2193-10-01,,,4096.8745,4393.0
2193-11-01,,,4096.8745,4393.0
2193-12-01,,,4096.8745,4393.0
2194-01-01,,5053.516185726607,4096.8745,4393.0
2194-02-01,,,4096.8745,4393.0
2194-03-01,,,4096.8745,4393.0
2194-04-01,,,4096.8745,4393.0
2194-05-01,,,4096.8745,4393.0
2194-06-01,,,4096.8745,4393.0
2194-07-01,,,4096.8745,4393.0
2194-08-01,,,4096.8745,4393.0
2194-09-01,,,4096.8745,4394.0
2194-10-01,,,4096.8745,4394.0
2194-11-01,,,4096.8745,4394.0
2194-12-01,,,4096.8745,4394.0
2195-01-01,,5062.751422045811,4096.8745,4394.0
2195-02-01,,,4096.8745,4394.0
2195-03-01,,,4096.8745,4394.0
2195-04-01,,,4096.8745,4394.0
2195-05-01,,,4096.8745,4394.0
2195-06-01,,,4096.8745,4394.0
2195-07-01,,,4096.8745,4394.0
2195-08-01,,,4096.8745,4395.0
2195-09-01,,,4096.8745,4395.0
2195-10-01,,,4096.8745,4395.0
2195-11-01,,,4096.8745,4395.0
2195-12-01,,,4096.8745,4395.0
2196-01-01,,5072.022003508246,4096.8745,4395.0
2196-02-01,,,4096.8745,4395.0
2196-03-01,,,4096.8745,4395.0
2196-04-01,,,4096.8745,4395.0
2196-05-01,,,4096.8745,4395.0
2196-06-01,,,4096.8745,4395.0
2196-07-01,,,4096.8745,4396.0
2196-08-01,,,4096.8745,4396.0
2196-09-01,,,4096.8745,4396.0
2196-10-01,,,4096.8745,4396.0
2196-11-01,,,4096.8745,4396.0
2196-12-01,,,4096.8745,4396.0
2197-01-01,,5081.327930113883,4096.8745,4396.0
2197-02-01,,,4096.8745,4396.0
2197-03-01,,,4096.8745,4396.0
2197-04-01,,,4096.8745,4396.0
2197-05-01,,,4096.8745,4396.0
2197-06-01,,,4096.8745,4397.0
2197-07-01,,,4096.8745,4397.0
2197-08-01,,,4096.8745,4397.0
2197-09-01,,,4096.8745,4397.0
2197-10-01,,,4096.8745,4397.0
2197-11-01,,,4096.8745,4397.0
2197-12-01,,,4096.8745,4397.0
2198-01-01,,5090.669201862736,4096.8745,4397.0
2198-02-01,,,4096.8745,4397.0
2198-03-01,,,4096.8745,4397.0
2198-04-01,,,4096.8745,4397.0
2198-05-01,,,4096.8745,4398.0
2198-06-01,,,4096.8745,4398.0
2198-07-01,,,4096.8745,4398.0
2198-08-01,,,4096.8745,4398.0
2198-09-01,,,4096.8745,4398.0
2198-10-01,,,4096.8745,4398.0
2198-11-01,,,4096.8745,4398.0
2198-12-01,,,4096.8745,4398.0
2199-01-01,,5100.045818754792,4096.8745,4398.0
2199-02-01,,,4096.8745,4398.0
2199-03-01,,,4096.8745,4399.0
2199-04-01,,,4096.8745,4399.0
2199-05-01,,,4096.8745,4399.0
2199-06-01,,,4096.8745,4399.0
2199-07-01,,,4096.8745,4399.0
2199-08-01,,,4096.8745,4399.0
2199-09-01,,,4096.8745,4399.0
2199-10-01,,,4096.8745,4399.0
2199-11-01,,,4096.8745,4399.0
2199-12-01,,,4096.8745,4399.0
2200-01-01,,5109.457780790079,4096.8745,4399.0
